{"loss":{"0":2.9418647289,"1":2.208044529,"2":2.0251328945,"3":1.9843056202,"4":1.8295266628,"5":1.7765411139,"6":1.693561554,"7":1.7813497782,"8":1.646823287,"9":1.6188710928,"10":1.5434908867,"11":1.4368383884,"12":1.4365265369,"13":1.4477983713,"14":1.4321554899,"15":1.4094287157,"16":1.3834166527,"17":1.3422725201,"18":1.3417377472,"19":1.3162600994},"side_6_loss":{"0":0.5112406015,"1":0.3559364676,"2":0.3327611387,"3":0.3308366537,"4":0.2943955064,"5":0.2775749564,"6":0.2601607442,"7":0.2842066884,"8":0.2490094602,"9":0.2472682893,"10":0.2188028097,"11":0.2051711082,"12":0.2027659863,"13":0.2027440816,"14":0.2020922601,"15":0.2008806169,"16":0.1912648827,"17":0.1842672974,"18":0.1867528409,"19":0.1735032797},"side_7_loss":{"0":0.6063386202,"1":0.3915572464,"2":0.3506886959,"3":0.3473520875,"4":0.3162363172,"5":0.3091517091,"6":0.2910172939,"7":0.3139178753,"8":0.2832726836,"9":0.2782352567,"10":0.2609526217,"11":0.2351923883,"12":0.2336844951,"13":0.2365027964,"14":0.2368839979,"15":0.2313061953,"16":0.220446676,"17":0.2136657536,"18":0.2140512466,"19":0.2057733238},"side_8_loss":{"0":0.5606135726,"1":0.4314957261,"2":0.3919506073,"3":0.389537096,"4":0.3528122306,"5":0.3452608585,"6":0.3234890401,"7":0.3481941819,"8":0.3194080293,"9":0.3086900115,"10":0.2962520123,"11":0.2645345926,"12":0.2679598927,"13":0.2746617794,"14":0.2722941637,"15":0.2620667815,"16":0.2585534453,"17":0.249247998,"18":0.2443750799,"19":0.2448087037},"activation_140_loss":{"0":0.7392055392,"1":0.6383963227,"2":0.5899005532,"3":0.5656529665,"4":0.5387657285,"5":0.5274508595,"6":0.5166933537,"7":0.5193650723,"8":0.5010012984,"9":0.4965920448,"10":0.4919744432,"11":0.4754562378,"12":0.47685045,"13":0.4765289426,"14":0.4666442871,"15":0.4649082124,"16":0.467628479,"17":0.4567426145,"18":0.4577971399,"19":0.4590577185},"add_38_loss":{"0":0.524466157,"1":0.3906585872,"2":0.3598322272,"3":0.3509267867,"4":0.3273172379,"5":0.3171025217,"6":0.3022010028,"7":0.3156656027,"8":0.2941319346,"9":0.2880855799,"10":0.2755092978,"11":0.2564839721,"12":0.2552657723,"13":0.2573608756,"14":0.2542405725,"15":0.250266999,"16":0.2455233335,"17":0.2383488864,"18":0.2387614995,"19":0.2331170738},"side_6_dice_coef":{"0":0.5650286674,"1":0.6922364831,"2":0.7052027583,"3":0.7146494985,"4":0.7246459723,"5":0.7446734905,"6":0.7620931268,"7":0.7484912872,"8":0.7748181224,"9":0.7751057744,"10":0.7885860205,"11":0.8063317537,"12":0.8087117076,"13":0.8065240979,"14":0.8192214966,"15":0.8137375712,"16":0.8290697336,"17":0.8304192424,"18":0.8297502398,"19":0.836836338},"side_6_jacard":{"0":0.4042184353,"1":0.5390121341,"2":0.5545815229,"3":0.5675589442,"4":0.5782800317,"5":0.6025563478,"6":0.6240056157,"7":0.606602788,"8":0.6397117376,"9":0.6418791413,"10":0.6605684161,"11":0.6830390692,"12":0.6865106821,"13":0.6843072176,"14":0.7001134753,"15":0.6934357882,"16":0.7130323052,"17":0.7164676189,"18":0.7164298892,"19":0.7250968218},"side_6_recall":{"0":0.7010571361,"1":0.736508131,"2":0.7340753078,"3":0.732498467,"4":0.7590520978,"5":0.7766734362,"6":0.7986400127,"7":0.779235065,"8":0.8112968206,"9":0.809202373,"10":0.8417270184,"11":0.8427180052,"12":0.8518132567,"13":0.8572577834,"14":0.848759234,"15":0.849524796,"16":0.8608689308,"17":0.8695312142,"18":0.8567363024,"19":0.8774476647},"side_6_precision":{"0":0.6241019368,"1":0.8235325217,"2":0.8411520123,"3":0.8523725271,"4":0.8732873797,"5":0.8758190274,"6":0.8835585117,"7":0.8826037049,"8":0.8863022327,"9":0.8926154375,"10":0.8957713246,"11":0.9090397954,"12":0.9071400762,"13":0.9016891122,"14":0.9081302285,"15":0.9104002714,"16":0.9126184583,"17":0.909216702,"18":0.9145001173,"19":0.9210193753},"side_6_accuracy":{"0":0.7636530399,"1":0.8619288206,"2":0.867421329,"3":0.8707589507,"4":0.8849432468,"5":0.8907226324,"6":0.8995184302,"7":0.8936845064,"8":0.9040511847,"9":0.9055690765,"10":0.9160344601,"11":0.9208214879,"12":0.9228608608,"13":0.9225902557,"14":0.9222967625,"15":0.9232866764,"16":0.9273917079,"17":0.9287903905,"18":0.9268000126,"19":0.9351786375},"side_7_dice_coef":{"0":0.4944470525,"1":0.6465607882,"2":0.6837722063,"3":0.6974844933,"4":0.7093862891,"5":0.7217510939,"6":0.7364869714,"7":0.723950088,"8":0.7443083525,"9":0.7481063008,"10":0.7570673227,"11":0.7774838209,"12":0.7789179087,"13":0.7773095369,"14":0.7891810536,"15":0.7924546003,"16":0.8035135269,"17":0.8095242381,"18":0.8080364466,"19":0.810285449},"side_7_jacard":{"0":0.3383256495,"1":0.4868368208,"2":0.5299136043,"3":0.5468045473,"4":0.5599735975,"5":0.574105382,"6":0.5915309191,"7":0.576387465,"8":0.6008535028,"9":0.6077503562,"10":0.6194785833,"11":0.6444381475,"12":0.6465566754,"13":0.645498693,"14":0.6596910357,"15":0.6647842526,"16":0.6778136492,"17":0.6878769994,"18":0.6863490939,"19":0.6887539625},"side_7_recall":{"0":0.7265130877,"1":0.7715858817,"2":0.740468502,"3":0.7270570397,"4":0.7415083647,"5":0.7470433116,"6":0.7654181123,"7":0.7420966029,"8":0.7737241983,"9":0.7764363289,"10":0.7958390117,"11":0.8147166967,"12":0.8164041638,"13":0.8247253299,"14":0.8158046603,"15":0.8228512406,"16":0.8352667093,"17":0.844361186,"18":0.8327993751,"19":0.8499213457},"side_7_precision":{"0":0.5098520517,"1":0.7575089335,"2":0.8192600608,"3":0.8389474154,"4":0.8609653711,"5":0.8637024164,"6":0.8738651872,"7":0.8699825406,"8":0.8725425601,"9":0.8838077188,"10":0.8847116232,"11":0.9015477896,"12":0.9037658572,"13":0.8946298957,"14":0.9035027623,"15":0.9070594311,"16":0.9123014212,"17":0.9061191082,"18":0.9134443402,"19":0.9141489863},"side_7_accuracy":{"0":0.681483984,"1":0.8441993594,"2":0.8614119291,"3":0.8648113012,"4":0.8760455847,"5":0.878467679,"6":0.8869167566,"7":0.8791350126,"8":0.8888060451,"9":0.8932820559,"10":0.8991062045,"11":0.9101224542,"12":0.9113433957,"13":0.9107260108,"14":0.9110816717,"15":0.9143146276,"16":0.9197005033,"17":0.9203249812,"18":0.9193439484,"19":0.9246584773},"side_8_dice_coef":{"0":0.4257076681,"1":0.5643997192,"2":0.6207809448,"3":0.6455711126,"4":0.6700981855,"5":0.6852033138,"6":0.7036589384,"7":0.6946756244,"8":0.712487042,"9":0.7231935263,"10":0.7272602916,"11":0.7515038848,"12":0.7486061454,"13":0.7481120229,"14":0.7595800161,"15":0.7661491632,"16":0.7724678516,"17":0.7809852362,"18":0.7804069519,"19":0.7769010663},"side_8_jacard":{"0":0.2739845514,"1":0.3973420262,"2":0.4563160539,"3":0.4854229093,"4":0.5127889514,"5":0.5292821527,"6":0.5511935949,"7":0.5414258242,"8":0.5617062449,"9":0.5764977336,"10":0.5816552639,"11":0.6102641821,"12":0.6072060466,"13":0.6072205305,"14":0.6207214594,"15":0.6292675734,"16":0.636408031,"17":0.6486670971,"18":0.6484185457,"19":0.6444084048},"side_8_recall":{"0":0.3488021195,"1":0.5916516185,"2":0.6611518264,"3":0.6779563427,"4":0.7043668032,"5":0.7209529281,"6":0.7454388738,"7":0.7212183475,"8":0.7479776144,"9":0.7568742037,"10":0.7695612907,"11":0.7956333756,"12":0.7954486609,"13":0.7963942289,"14":0.7892401814,"15":0.7981061339,"16":0.8042067885,"17":0.8084558249,"18":0.804772079,"19":0.8149056435},"side_8_precision":{"0":0.6407848597,"1":0.7936358452,"2":0.8083126545,"3":0.8112247586,"4":0.8393356204,"5":0.8423624039,"6":0.8520044684,"7":0.8508247137,"8":0.8564302325,"9":0.8711959124,"10":0.8646121621,"11":0.8905576468,"12":0.8835456371,"13":0.8804280758,"14":0.8932216763,"15":0.9029115438,"16":0.8989892602,"17":0.9047299623,"18":0.9061439037,"19":0.9035441875},"side_8_accuracy":{"0":0.7225112915,"1":0.8157598972,"2":0.8375710845,"3":0.8427589536,"4":0.8589300513,"5":0.8643366694,"6":0.8741414547,"7":0.86719805,"8":0.8763157129,"9":0.883651197,"10":0.8849899173,"11":0.9009822607,"12":0.8986061215,"13":0.897829175,"14":0.9000108242,"15":0.905711472,"16":0.9062222838,"17":0.9093283415,"18":0.9087030888,"19":0.9108321071},"activation_140_dice_coef":{"0":0.4056850374,"1":0.4589709342,"2":0.4847647548,"3":0.4930385947,"4":0.5085945725,"5":0.5143817067,"6":0.5246157646,"7":0.5150886774,"8":0.529605329,"9":0.5300661325,"10":0.5333368778,"11":0.5441418886,"12":0.5418370962,"13":0.5412472486,"14":0.549980104,