{"loss":{"0":3.3041465282,"1":2.4220502377,"2":2.1331217289,"3":2.007786274,"4":1.7660973072,"5":1.8294805288,"6":1.7463468313,"7":1.6252777576,"8":1.6324945688,"9":1.6187238693,"10":1.5468612909,"11":1.4084647894,"12":1.5370769501,"13":1.4579945803,"14":1.4892253876,"15":1.3885977268,"16":1.4384604692,"17":1.4248220921,"18":1.3682770729,"19":1.3958209753},"side_6_loss":{"0":0.5240089893,"1":0.342494905,"2":0.3328461051,"3":0.3245144486,"4":0.2746913433,"5":0.2867922485,"6":0.2686934471,"7":0.238172859,"8":0.2342236936,"9":0.2374175787,"10":0.2123773992,"11":0.1904069334,"12":0.2192054987,"13":0.200906679,"14":0.206188634,"15":0.1848891079,"16":0.2014438808,"17":0.1918631941,"18":0.1876556128,"19":0.1849004477},"side_7_loss":{"0":0.5642945766,"1":0.380076021,"2":0.3544176221,"3":0.3490974307,"4":0.2986502349,"5":0.3226505518,"6":0.3046078682,"7":0.2758565843,"8":0.2799403667,"9":0.2758733034,"10":0.2612961829,"11":0.2233702242,"12":0.2594297528,"13":0.2396421134,"14":0.2477195263,"15":0.2180207521,"16":0.2324689627,"17":0.228698045,"18":0.2153028995,"19":0.2234219313},"side_8_loss":{"0":0.8281341791,"1":0.5927448869,"2":0.4539561868,"3":0.39822945,"4":0.3361758888,"5":0.3531811535,"6":0.3351240158,"7":0.3111476302,"8":0.3199996948,"9":0.3157834113,"10":0.3012497425,"11":0.2651924193,"12":0.2995047569,"13":0.2797598243,"14":0.2873566449,"15":0.2640583217,"16":0.2745608985,"17":0.2749337554,"18":0.2541751564,"19":0.2642270029},"activation_2537_loss":{"0":0.8003569841,"1":0.6860851049,"2":0.6152765751,"3":0.5787001848,"4":0.5433152318,"5":0.5408586264,"6":0.5247258544,"7":0.5089604259,"8":0.5079348683,"9":0.5033413172,"10":0.4946910441,"11":0.4788354337,"12":0.48619923,"13":0.4788860679,"14":0.4825956225,"15":0.4739119112,"16":0.4759415686,"17":0.4758717418,"18":0.4673523009,"19":0.4758621752},"add_701_loss":{"0":0.5873513818,"1":0.4206499159,"2":0.3766249716,"3":0.3572444916,"4":0.3132640719,"5":0.3259980679,"6":0.3131956458,"7":0.2911403775,"8":0.2903958857,"9":0.2863081098,"10":0.277246654,"11":0.2506596446,"12":0.2727376819,"13":0.2587997317,"14":0.2653650343,"15":0.2477174252,"16":0.254045099,"17":0.2534555495,"18":0.2437910587,"19":0.24740915},"side_6_dice_coef":{"0":0.5736914277,"1":0.6964895129,"2":0.7042434216,"3":0.7081912756,"4":0.7607104182,"5":0.73749125,"6":0.7480837107,"7":0.773478508,"8":0.7788236141,"9":0.785859406,"10":0.792788744,"11":0.8256281018,"12":0.7986160517,"13":0.8121939898,"14":0.8047649264,"15":0.8269488215,"16":0.817683816,"17":0.8195939064,"18":0.8264875412,"19":0.8197937012},"side_6_jacard":{"0":0.4153571129,"1":0.5445641279,"2":0.5511969328,"3":0.5584452748,"4":0.6211972237,"5":0.5935662985,"6":0.6063472033,"7":0.6392298341,"8":0.6471788287,"9":0.6552802324,"10":0.6648480296,"11":0.7085630298,"12":0.6735934615,"13":0.6910292506,"14":0.6818062663,"15":0.712394774,"16":0.6972056627,"17":0.7005358934,"18":0.7117548585,"19":0.7026571035},"side_6_recall_17":{"0":0.7728372216,"1":0.7450780272,"2":0.7311664224,"3":0.7342623472,"4":0.7841615677,"5":0.7807075381,"6":0.7895288467,"7":0.8157833219,"8":0.8227958083,"9":0.8190348148,"10":0.8499705791,"11":0.8559591174,"12":0.8330217004,"13":0.854488194,"14":0.8412179351,"15":0.8765866756,"16":0.8414103985,"17":0.860966742,"18":0.8564033508,"19":0.8629052043},"side_6_precision_17":{"0":0.5814873576,"1":0.8243993521,"2":0.8437935114,"3":0.8583135605,"4":0.8865730166,"5":0.8619757891,"6":0.8800335526,"7":0.8912791014,"8":0.8881072402,"9":0.8996018767,"10":0.8928316832,"11":0.9161159396,"12":0.8975285292,"13":0.9098210931,"14":0.9044772387,"15":0.9008540511,"16":0.9224612713,"17":0.9154294729,"18":0.9228277206,"19":0.9167810678},"side_6_accuracy":{"0":0.743267715,"1":0.8644472957,"2":0.8675398231,"3":0.8731909394,"4":0.8963878751,"5":0.8871657252,"6":0.8957530856,"7":0.9070172906,"8":0.907954514,"9":0.9107390046,"10":0.9173977971,"11":0.9271101356,"12":0.9141101837,"13":0.9245573878,"14":0.9188492894,"15":0.9279386997,"16":0.9248493314,"17":0.9283700585,"18":0.9294705987,"19":0.9294020534},"side_7_dice_coef":{"0":0.5033963919,"1":0.6502367258,"2":0.681190908,"3":0.6881680489,"4":0.7336594462,"5":0.712467432,"6":0.7176850438,"7":0.7379065752,"8":0.7426188588,"9":0.7478970289,"10":0.7506146431,"11":0.7909125686,"12":0.7638314962,"13":0.7768219709,"14":0.7685883045,"15":0.7922240496,"16":0.7939747572,"17":0.7907462716,"18":0.8018012047,"19":0.7900171876},"side_7_jacard":{"0":0.3475064635,"1":0.4923892021,"2":0.5248088241,"3":0.5350947976,"4":0.5872061253,"5":0.563174963,"6":0.5689384341,"7":0.5942812562,"8":0.6020755172,"9":0.6074594259,"10":0.6101920605,"11":0.6616154909,"12":0.6297356486,"13":0.6434882879,"14":0.6343994737,"15":0.6645632982,"16":0.6660562754,"17":0.6621551514,"18":0.6782423258,"19":0.663636446},"side_7_recall_17":{"0":0.7064151168,"1":0.7691527009,"2":0.7295666933,"3":0.7157528996,"4":0.7562716603,"5":0.745005846,"6":0.7491598725,"7":0.7714365125,"8":0.7849302292,"9":0.7839124799,"10":0.8019031882,"11":0.8259231448,"12":0.8038048148,"13":0.8162024021,"14":0.8053269386,"15":0.8432317376,"16":0.8157204986,"17":0.8305959105,"18":0.8349578381,"19":0.8336254358},"side_7_precision_17":{"0":0.5411550999,"1":0.7621257305,"2":0.8234421611,"3":0.8419864178,"4":0.882399559,"5":0.8487152457,"6":0.8681622148,"7":0.8780187368,"8":0.8648215532,"9":0.8789607286,"10":0.86836344,"11":0.900149405,"12":0.8754768372,"13":0.8977825046,"14":0.8888061643,"15":0.8955447674,"16":0.9124607444,"17":0.8962994218,"18":0.9125193954,"19":0.90013659},"side_7_accuracy":{"0":0.7074946165,"1":0.845672965,"2":0.8601095676,"3":0.8628270626,"4":0.8870950341,"5":0.872913599,"6":0.8805121183,"7":0.8899729252,"8":0.8893099427,"9":0.8938071132,"10":0.8952423334,"11":0.9129275084,"12":0.8982358575,"13":0.909311831,"14":0.9031846523,"15":0.9163921475,"16":0.9139617682,"17":0.9129900336,"18":0.919680655,"19":0.9151673913},"side_8_dice_coef":{"0":0.4497542381,"1":0.5328350663,"2":0.5931969881,"3":0.628757,"4":0.6806467772,"5":0.6766974926,"6":0.6847192645,"7":0.7054811716,"8":0.7074103355,"9":0.7138825655,"10":0.7157688141,"11":0.7535085678,"12":0.7320004106,"13":0.7428244352,"14":0.7361190319,"15":0.7490879893,"16":0.753008008,"17":0.7501744628,"18":0.7614797354,"19":0.749350071},"side_8_jacard":{"0":0.3018705547,"1":0.3750252724,"2":0.4313725829,"3":0.4681397974,"4":0.5239286423,"5":0.5206898451,"6":0.5299091339,"7":0.5546284914,"8":0.5577210188,"9":0.5654826164,"10":0.5666569471,"11":0.6120849848,"12":0.5892843008,"13":0.5998722315,"14":0.5937049985,"15":0.608520925,"16":0.6128503084,"17":0.6085989475,"18":0.623950839,"19":0.6107019186},"side_8_recall_17":{"0":0.8636614084,"1":0.8624504805,"2":0.7850372791,"3":0.729598105,"4":0.7435364723,"5":0.7259823084,"6":0.7289303541,"7":0.7424384356,"8":0.7493344545,"9":0.7439551353,"10":0.753433764,"11":0.7871162295,"12":0.7702476382,"13":0.7740524411,"14":0.776321888,"15":0.7959119678,"16":0.7777225971,"17":0.7843796015,"18":0.794467032,"19":0.7878608108},"side_8_precision_17":{"0":0.3740075231,"1":0.5076977015,"2":0.6576836109,"3":0.7568756342,"4":0.834862709,"5":0.828600049,"6":0.847147584,"7":0.8619683385,"8":0.849799633,"9":0.863953054,"10":0.8573129177,"11":0.8868262172,"12":0.8604985476,"13":0.8827401996,"14":0.8672363758,"15":0.8783603311,"16":0.8940485716,"17":0.8779418468,"18":0.8957907557,"19":0.8853606582},"side_8_accuracy":{"0":0.4815883636,"1":0.6808532476,"2":0.7956467867,"3":0.8345800042,"4":0.8677541018,"5":0.8609853387,"6":0.8680636287,"7":0.8766300082,"8":0.8744485378,"9":0.8776972294,"10":0.8781008124,"11":0.8973153234,"12":0.8837839961,"13":0.8922564387,"14":0.8877489567,"15":0.8969951868,"16":0.896951437,"17":0.893599689,"18":0.9023549557,"19":0.897046268},"activation_2537_dice_coef":{"0":0.3713422418,"1":0.4336104393,"2":0.4670572877,"3":0.4845770299,"4":0.5064120889,"5":0.504118979,"6":0.5101957917,"7":0.5213861465,"8":0.5233832002,"9":0.5253981352,"10":0.5302649736,"11":0.5449646711,"12":0.536053896,"13":0.5389342308,"14":0.5358935595,