{"loss":{"0":2.8841612339,"1":2.1024348736,"2":1.9299128056,"3":1.8787662983,"4":1.8045246601,"5":1.7645652294,"6":1.6677715778,"7":1.5973818302,"8":1.5930669308,"9":1.5054100752,"10":1.5071707964,"11":1.52429986,"12":1.4906009436,"13":1.4534122944,"14":1.3878951073,"15":1.3171887398,"16":1.4105700254,"17":1.3623546362,"18":1.2754342556,"19":1.3206181526},"side_6_loss":{"0":0.5296327472,"1":0.3398626447,"2":0.3250080347,"3":0.3197018802,"4":0.3041667044,"5":0.2906370163,"6":0.265794009,"7":0.2538160384,"8":0.2509019971,"9":0.2284817696,"10":0.230328232,"11":0.2320400029,"12":0.229726553,"13":0.2217705697,"14":0.2051998675,"15":0.1868368834,"16":0.2062428445,"17":0.1951233894,"18":0.1776456684,"19":0.1879661828},"side_7_loss":{"0":0.5458827615,"1":0.3631857038,"2":0.3421885371,"3":0.3398270905,"4":0.3264126182,"5":0.3196120858,"6":0.2947600186,"7":0.2790106237,"8":0.2786973119,"9":0.2570349574,"10":0.2576988339,"11":0.2598839104,"12":0.2544700503,"13":0.2446279228,"14":0.225901559,"15":0.2109102905,"16":0.2363970578,"17":0.2209597081,"18":0.2035401165,"19":0.2110836953},"side_8_loss":{"0":0.5872743726,"1":0.4123900831,"2":0.3616495132,"3":0.3536610603,"4":0.3415346444,"5":0.3353567123,"6":0.3153256774,"7":0.2993170619,"8":0.3001142144,"9":0.2803796232,"10":0.2820938528,"11":0.2881262898,"12":0.2769025266,"13":0.2674410343,"14":0.2533130646,"15":0.2361914665,"16":0.2611427307,"17":0.2495509833,"18":0.224486351,"19":0.2375950366},"activation_584_loss":{"0":0.7038945556,"1":0.6128205061,"2":0.5569318533,"3":0.5301882625,"4":0.5098828077,"5":0.5004247427,"6":0.4904519022,"7":0.477186203,"8":0.4769503176,"9":0.4681754708,"10":0.4669293463,"11":0.4706088603,"12":0.4613959789,"13":0.4592367113,"14":0.4541801512,"15":0.4459275603,"16":0.4561821818,"17":0.4530314505,"18":0.44159922,"19":0.4482471049},"add_194_loss":{"0":0.5174771547,"1":0.3741754889,"2":0.3441351354,"3":0.335387975,"4":0.322527349,"5":0.318534255,"6":0.3014398515,"7":0.2880516946,"8":0.2864027917,"9":0.2713382244,"10":0.2701206505,"11":0.2736406028,"12":0.2681057155,"13":0.2603363395,"14":0.2493003309,"15":0.2373223603,"16":0.2506054044,"17":0.2436896265,"18":0.2281630784,"19":0.2357259542},"side_6_dice_coef":{"0":0.5555241704,"1":0.6943523288,"2":0.7067245245,"3":0.7213428617,"4":0.7369970083,"5":0.7277004719,"6":0.7501290441,"7":0.7667586803,"8":0.772277236,"9":0.7910134792,"10":0.7893502116,"11":0.7821533084,"12":0.7863868475,"13":0.7974612713,"14":0.8058015108,"15":0.8184790611,"16":0.8105198741,"17":0.814614296,"18":0.8269748688,"19":0.8218491673},"side_6_jacard":{"0":0.3948953152,"1":0.541718781,"2":0.5571116209,"3":0.5747544765,"4":0.5916084647,"5":0.5816237926,"6":0.6106578112,"7":0.6300476193,"8":0.6357290745,"9":0.6600640416,"10":0.6605724692,"11":0.6517139673,"12":0.6563666463,"13":0.6708624959,"14":0.6829271913,"15":0.6994244456,"16":0.6891348958,"17":0.6959112287,"18":0.7121114135,"19":0.7040275335},"side_6_recall_4":{"0":0.7209971547,"1":0.7457683086,"2":0.7433820367,"3":0.7527097464,"4":0.7551685572,"5":0.773915112,"6":0.7901194096,"7":0.7961913347,"8":0.8064335585,"9":0.8144167662,"10":0.8282895684,"11":0.8221058846,"12":0.8218339086,"13":0.8344204426,"14":0.8493400812,"15":0.8577307463,"16":0.8448621035,"17":0.8565124273,"18":0.8576597571,"19":0.8642581701},"side_6_precision_4":{"0":0.6054725647,"1":0.8295246363,"2":0.8464317918,"3":0.8614818454,"4":0.8660427928,"5":0.8680423498,"6":0.8829374909,"7":0.8924592733,"8":0.8956478238,"9":0.9029749036,"10":0.9008310437,"11":0.8955975175,"12":0.9016990662,"13":0.9036588669,"14":0.9096304774,"15":0.9146555066,"16":0.9185143113,"17":0.9087712169,"18":0.9290240407,"19":0.9150052071},"side_6_accuracy":{"0":0.7546030879,"1":0.8664569855,"2":0.8717019558,"3":0.8792954683,"4":0.8814846277,"5":0.8873525262,"6":0.896887958,"7":0.9017669559,"8":0.9057732821,"9":0.9105027318,"10":0.9138451815,"11":0.9102941155,"12":0.9122502804,"13":0.9165831208,"14":0.9229733944,"15":0.9271476865,"16":0.924595654,"17":0.9247986078,"18":0.931879282,"19":0.9292055964},"side_7_dice_coef":{"0":0.458463341,"1":0.6586230397,"2":0.6930888891,"3":0.7052333355,"4":0.7229567766,"5":0.7101165056,"6":0.7271698713,"7":0.7453296185,"8":0.7495027781,"9":0.7672086954,"10":0.766404748,"11":0.7633849978,"12":0.7674190402,"13":0.7823781967,"14":0.7893010378,"15":0.8012999296,"16":0.7943126559,"17":0.7969633341,"18":0.810335815,"19":0.8077084422},"side_7_jacard":{"0":0.3057946861,"1":0.4996697903,"2":0.5408378243,"3":0.5548095107,"4":0.5745819807,"5":0.5597435832,"6":0.5807733536,"7":0.6027042866,"8":0.6061602831,"9":0.6282721758,"10":0.6299220324,"11":0.6264308095,"12":0.6317494512,"13":0.6508223414,"14":0.6593782902,"15":0.6755462289,"16":0.6667888165,"17":0.6720305085,"18":0.6890864372,"19":0.685000062},"side_7_recall_4":{"0":0.4700154364,"1":0.7336007953,"2":0.7434099913,"3":0.7387899756,"4":0.7427302003,"5":0.742090404,"6":0.7610902786,"7":0.7710826397,"8":0.7690817118,"9":0.7870681286,"10":0.7987312078,"11":0.795776546,"12":0.7976700068,"13":0.811871469,"14":0.8270301223,"15":0.8348593116,"16":0.8180054426,"17":0.8355266452,"18":0.8330790997,"19":0.8434711099},"side_7_precision_4":{"0":0.6366232038,"1":0.8183034658,"2":0.8331700563,"3":0.8559734225,"4":0.860010922,"5":0.8654378653,"6":0.8750210404,"7":0.8904906511,"8":0.8923009634,"9":0.8986479044,"10":0.8989081383,"11":0.8998533487,"12":0.8992019892,"13":0.902209878,"14":0.9128251076,"15":0.9137880802,"16":0.9159895182,"17":0.908940196,"18":0.9263085723,"19":0.9175276756},"side_7_accuracy":{"0":0.7383950353,"1":0.8593147397,"2":0.8671280146,"3":0.8736585975,"4":0.8760675788,"5":0.8776653409,"6":0.8860801458,"7":0.8939039707,"8":0.8939030766,"9":0.9011277556,"10":0.9046031833,"11":0.904048562,"12":0.9043895602,"13":0.9095084071,"14":0.9174311161,"15":0.9200677276,"16":0.9157705903,"17":0.9186676145,"18":0.9235777259,"19":0.923856616},"side_8_dice_coef":{"0":0.4108861983,"1":0.5860610604,"2":0.6602768898,"3":0.6833967566,"4":0.7048512101,"5":0.6956421137,"6":0.709226191,"7":0.7277923226,"8":0.7329955101,"9":0.7466255426,"10":0.7471593618,"11":0.7394121885,"12":0.7498301268,"13":0.7615730762,"14":0.7667148113,"15":0.7808163166,"16":0.772646904,"17":0.7768751383,"18":0.7916206121,"19":0.7895225883},"side_8_jacard":{"0":0.2631955147,"1":0.420637697,"2":0.5019322634,"3":0.5286732912,"4":0.5526163578,"5":0.5427639484,"6":0.5590626001,"7":0.5810818076,"8":0.5855106711,"9":0.6025627851,"10":0.6052123308,"11":0.5962864757,"12":0.6094838381,"13":0.6237797141,"14":0.6301603317,"15":0.6486059427,"16":0.638263762,"17":0.6459393501,"18":0.6639652252,"19":0.6611155868},"side_8_recall_4":{"0":0.3704222441,"1":0.6616950035,"2":0.7401713133,"3":0.7417225838,"4":0.7482298017,"5":0.740455687,"6":0.7576056123,"7":0.763850987,"8":0.7592725158,"9":0.7767906189,"10":0.7835787535,"11":0.7751027942,"12":0.7852980494,"13":0.7954098582,"14":0.8086439967,"15":0.8221994042,"16":0.8018368483,"17":0.8206753135,"18":0.8244199753,"19":0.8278790712},"side_8_precision_4":{"0":0.587181747,"1":0.7952867746,"2":0.8125291467,"3":0.8306990862,"4":0.8370877504,"5":0.8492140174,"6":0.8541011214,"7":0.8731412292,"8":0.8789721727,"9":0.8800593615,"10":0.8795650005,"11":0.8773029447,"12":0.8856503963,"13":0.8899287581,"14":0.8962536454,"15":0.8968449831,"16":0.9025987387,"17":0.8927224874,"18":0.9163147211,"19":0.9054388404},"side_8_accuracy":{"0":0.7083303928,"1":0.8333128691,"2":0.8588832617,"3":0.8658179045,"4":0.8697686791,"5":0.871856153,"6":0.8781514764,"7":0.8862397671,"8":0.8868477941,"9":0.8921560645,"10":0.8939135075,"11":0.8907715082,"12":0.8964102268,"13":0.9007111788,"14":0.9066132903,"15":0.9107396603,"16":0.9067018032,"17":0.9089127779,"18":0.9177846313,"19":0.9152581692},"activation_584_dice_coef":{"0":0.4214501977,"1":0.4723727703,"2":0.4999159276,"3":0.5126734972,"4":0.5261701345,"5":0.5250786543,"6":0.5331246257,"7":0.5434411764,"8":0.5415113568,"9":0.5502953529,"10":0.5489246845,"11":0.5431404114,"12":0.5506957769,"13":0.5524617434,