{"loss":{"0":2.7558913231,"1":2.2191548347,"2":1.9980304241,"3":1.8797712326,"4":1.6921526194,"5":1.6989558935,"6":1.6133081913,"7":1.6500265598,"8":1.5245277882,"9":1.4569131136,"10":1.5190565586,"11":1.3315018415,"12":1.4393210411,"13":1.42412889,"14":1.3302155733,"15":1.3250573874,"16":1.2223552465,"17":1.2728911638,"18":1.2432178259,"19":1.2407398224},"side_6_loss":{"0":0.4348012805,"1":0.349709034,"2":0.3230347037,"3":0.3039030433,"4":0.2624176145,"5":0.2750841379,"6":0.2471925318,"7":0.2677874565,"8":0.2394347191,"9":0.224153161,"10":0.233231619,"11":0.1955409646,"12":0.2163147479,"13":0.2152985781,"14":0.1941642463,"15":0.1957868189,"16":0.1738528311,"17":0.1836682707,"18":0.1741922498,"19":0.1727683246},"side_7_loss":{"0":0.4894481599,"1":0.3652564585,"2":0.3363708556,"3":0.3267070353,"4":0.2876314521,"5":0.2928100824,"6":0.2755246758,"7":0.2877781391,"8":0.2604163587,"9":0.2441086322,"10":0.2573759556,"11":0.2125959694,"12":0.2429591417,"13":0.2359403372,"14":0.214278385,"15":0.2148385495,"16":0.1867688298,"17":0.1992281079,"18":0.1919263005,"19":0.1931172907},"side_8_loss":{"0":0.5903793573,"1":0.4508163333,"2":0.3875882626,"3":0.3627935052,"4":0.3203792274,"5":0.3207585216,"6":0.3045979142,"7":0.307575196,"8":0.2790035307,"9":0.2618386149,"10":0.2800657153,"11":0.2321489751,"12":0.2608718276,"13":0.2537403405,"14":0.2313389778,"15":0.229216367,"16":0.2034378052,"17":0.2170080692,"18":0.2099301368,"19":0.2088389397},"activation_935_loss":{"0":0.7506055832,"1":0.6641303897,"2":0.5986023545,"3":0.5528148413,"4":0.5188378096,"5":0.5074539185,"6":0.4973866045,"7":0.4929544926,"8":0.4747622907,"9":0.4667375088,"10":0.4762707651,"11":0.4527878761,"12":0.4631243646,"13":0.4632546008,"14":0.4520217478,"15":0.4483284056,"16":0.4387756884,"17":0.4439700544,"18":0.4437205791,"19":0.4439205527},"add_311_loss":{"0":0.490657866,"1":0.3892425895,"2":0.3524344265,"3":0.3335533142,"4":0.3028864264,"5":0.302849561,"6":0.2886063755,"7":0.2939311564,"8":0.2709105611,"9":0.2600754201,"10":0.2721121013,"11":0.238428086,"12":0.2560511231,"13":0.2558948696,"14":0.2384125292,"15":0.2368872911,"16":0.2195203006,"17":0.2290160358,"18":0.2234486789,"19":0.2220950127},"side_6_dice_coef":{"0":0.6082974672,"1":0.6983777285,"2":0.7157597542,"3":0.7305400372,"4":0.7502580881,"5":0.7520567179,"6":0.7672805786,"7":0.763923049,"8":0.7895988226,"9":0.7970314026,"10":0.7841776609,"11":0.8187171221,"12":0.8097023964,"13":0.7944028974,"14":0.8206330538,"15":0.8204363585,"16":0.8310106397,"17":0.8295077085,"18":0.8331845403,"19":0.8349792361},"side_6_jacard":{"0":0.4465261102,"1":0.5446127653,"2":0.567201972,"3":0.5835687518,"4":0.6108974218,"5":0.6128444076,"6":0.6317816973,"7":0.6274205446,"8":0.6601619124,"9":0.6700515747,"10":0.6522782445,"11":0.7005583048,"12":0.686517477,"13":0.666636765,"14":0.7018094063,"15":0.7040446997,"16":0.7173563838,"17":0.7157190442,"18":0.7211021185,"19":0.7229627371},"side_6_recall_7":{"0":0.6723780036,"1":0.7221899033,"2":0.7319820523,"3":0.7564765215,"4":0.7949966788,"5":0.7935428023,"6":0.8163769841,"7":0.7877292633,"8":0.8163800836,"9":0.8381201029,"10":0.8164219856,"11":0.8551442623,"12":0.8301647902,"13":0.82637012,"14":0.8586499095,"15":0.8511144519,"16":0.8779431581,"17":0.8683912158,"18":0.8675981164,"19":0.8689895272},"side_6_precision_7":{"0":0.73894912,"1":0.843236208,"2":0.8622565269,"3":0.8678444028,"4":0.8738452196,"5":0.8710761666,"6":0.8860281706,"7":0.8920369744,"8":0.9077031612,"9":0.9024758339,"10":0.9083014727,"11":0.9162960052,"12":0.9119681716,"13":0.9194421768,"14":0.9144374132,"15":0.9157899618,"16":0.9185056686,"17":0.9100802541,"18":0.9218122363,"19":0.9242038131},"side_6_accuracy":{"0":0.8147888184,"1":0.864957273,"2":0.8738450408,"3":0.8824412227,"4":0.8952041864,"5":0.8938504457,"6":0.9054090977,"7":0.8991910219,"8":0.9126204252,"9":0.917267859,"10":0.9128268957,"11":0.9269276857,"12":0.9180802703,"13":0.9193706512,"14":0.9273474216,"15":0.9255594611,"16":0.9344721437,"17":0.928751111,"18":0.9324930906,"19":0.9337098598},"side_7_dice_coef":{"0":0.5106605291,"1":0.6669619083,"2":0.6996785402,"3":0.7146167159,"4":0.7296911478,"5":0.735005796,"6":0.7436856031,"7":0.7444041371,"8":0.7713138461,"9":0.7800260782,"10":0.7655309439,"11":0.8014361262,"12":0.7931472063,"13":0.7800831795,"14":0.802834332,"15":0.8056749105,"16":0.8204216957,"17":0.8144822121,"18":0.8199238777,"19":0.8195470572},"side_7_jacard":{"0":0.3516262174,"1":0.5067155361,"2":0.5474423766,"3":0.5639850497,"4":0.5844505429,"5":0.5908414125,"6":0.601962328,"7":0.6028071642,"8":0.6364859343,"9":0.647211194,"10":0.6291056871,"11":0.6776947379,"12":0.6648218036,"13":0.64907372,"14":0.6772682071,"15":0.6845862865,"16":0.7033904791,"17":0.6958578229,"18":0.703635335,"19":0.7029827833},"side_7_recall_7":{"0":0.4790994227,"1":0.6934867501,"2":0.7174891829,"3":0.7311004996,"4":0.7689648867,"5":0.7668075562,"6":0.7906354666,"7":0.7647041678,"8":0.7997590303,"9":0.813352108,"10":0.8024840355,"11":0.8429220915,"12":0.8128740788,"13":0.8156882524,"14":0.8441544175,"15":0.8395110965,"16":0.8686853647,"17":0.8557441235,"18":0.8602682948,"19":0.8550678492},"side_7_precision_7":{"0":0.7612860799,"1":0.8386206031,"2":0.8609927297,"3":0.8619331121,"4":0.868888557,"5":0.8764314055,"6":0.8752626777,"7":0.885487318,"8":0.9018157125,"9":0.9061840177,"10":0.9007994533,"11":0.9136710167,"12":0.9085740447,"13":0.9150853157,"14":0.9123090506,"15":0.9131625295,"16":0.919796586,"17":0.9104564786,"18":0.9155443311,"19":0.9238649607},"side_7_accuracy":{"0":0.7800589204,"1":0.8558161259,"2":0.8694539666,"3":0.8734980226,"4":0.8862596154,"5":0.8881483674,"6":0.894461453,"7":0.8904805779,"8":0.905842185,"9":0.9112367034,"10":0.9063090086,"11":0.9224220514,"12":0.9118695855,"13":0.9147924781,"14":0.9223356843,"15":0.9212421179,"16":0.9321423769,"17":0.9251433015,"18":0.9282009006,"19":0.929410398},"side_8_dice_coef":{"0":0.4317521155,"1":0.5574957132,"2":0.6320868731,"3":0.6692740321,"4":0.6968799233,"5":0.7072851062,"6":0.7210274935,"7":0.7258580923,"8":0.7558552027,"9":0.7638248205,"10":0.7497250438,"11":0.7860392332,"12":0.7779820561,"13":0.7655824423,"14":0.7911733389,"15":0.7942640781,"16":0.8100486994,"17":0.8026366234,"18":0.8068998456,"19":0.8063842058},"side_8_jacard":{"0":0.280513972,"1":0.3922895789,"2":0.4705350399,"3":0.5107159019,"4":0.5457686186,"5":0.5578068495,"6":0.5745894313,"7":0.5796515346,"8":0.6172236204,"9":0.6265801191,"10":0.6097679734,"11":0.6565603018,"12":0.6448159218,"13":0.6302421093,"14":0.661732316,"15":0.6694177389,"16":0.6891753674,"17":0.6798530817,"18":0.6853775382,"19":0.6852519512},"side_8_recall_7":{"0":0.4841217995,"1":0.6817553639,"2":0.7215667963,"3":0.727968514,"4":0.7641047239,"5":0.7619121075,"6":0.7856406569,"7":0.7649296522,"8":0.8040403128,"9":0.8152028918,"10":0.7953093648,"11":0.8417906761,"12":0.8069150448,"13":0.8139243722,"14":0.8382159472,"15":0.836771369,"16":0.8593890667,"17":0.8474869728,"18":0.8495050073,"19":0.8467609882},"side_8_precision_7":{"0":0.544745028,"1":0.7266857624,"2":0.7899104953,"3":0.8176116347,"4":0.840675652,"5":0.8498045802,"6":0.8505719304,"7":0.8643202186,"8":0.8810454607,"9":0.8865559697,"10":0.880576849,"11":0.8986599445,"12":0.8975843787,"13":0.9012135267,"14":0.9019719362,"15":0.9043807983,"16":0.9116725326,"17":0.9055656195,"18":0.9099844098,"19":0.9195954204},"side_8_accuracy":{"0":0.6983461976,"1":0.8116738796,"2":0.8458595276,"3":0.857632041,"4":0.8752353787,"5":0.8778436184,"6":0.8845188022,"7":0.8836117983,"8":0.9002043605,"9":0.9052533507,"10":0.8975719213,"11":0.9170427918,"12":0.9065496922,"13":0.9097813964,"14":0.9171258211,"15":0.9175136685,"16":0.9266329408,"17":0.9210558534,"18":0.9231411219,"19":0.9255179167},"activation_935_dice_coef":{"0":0.3979620337,"1":0.439927429,"2":0.4767830372,"3":0.4994803369,"4":0.5188953876,"5":0.5239487886,"6":0.5296872854,"7":0.5329723358,"8":0.5454511642,"9":0.5473018885,"10":0.5378460884,"11":0.5603028536,"12":0.5492851734,"13":0.5450244546,"14":0.5574235916,