{"loss":{"0":3.2526657581,"1":2.2188231945,"2":1.9642658234,"3":1.8359324932,"4":1.7427794933},"side_6_loss":{"0":0.5649825335,"1":0.3366777301,"2":0.3151031733,"3":0.2996760607,"4":0.2831505537},"side_7_loss":{"0":0.57929492,"1":0.3601835668,"2":0.3320863247,"3":0.3185155988,"4":0.3064375818},"side_8_loss":{"0":0.8198178411,"1":0.5424822569,"2":0.4220879674,"3":0.3703153729,"4":0.3371184468},"activation_116_loss":{"0":0.7073752284,"1":0.5858922005,"2":0.5425245166,"3":0.5179903507,"4":0.5032973886},"add_38_loss":{"0":0.5811952353,"1":0.3935877979,"2":0.352463156,"3":0.3294351697,"4":0.3127757013},"side_6_dice_coef":{"0":0.552054286,"1":0.6889275312,"2":0.70972085,"3":0.7314870954,"4":0.7464090586},"side_6_jacard":{"0":0.3931074739,"1":0.5346522331,"2":0.5602300167,"3":0.5862026811,"4":0.6040989757},"side_6_recall":{"0":0.7541337013,"1":0.7379212379,"2":0.7595906258,"3":0.7560241222,"4":0.7696912289},"side_6_precision":{"0":0.5619435906,"1":0.8386396766,"2":0.8438199162,"3":0.8724449873,"4":0.8869974613},"side_6_accuracy":{"0":0.726768136,"1":0.8675824404,"2":0.8751397729,"3":0.883820951,"4":0.8923885226},"side_7_dice_coef":{"0":0.5279955268,"1":0.6707572341,"2":0.6956022978,"3":0.7152391672,"4":0.728982985},"side_7_jacard":{"0":0.3710936606,"1":0.5164111853,"2":0.5451884866,"3":0.5670124292,"4":0.5830180049},"side_7_recall":{"0":0.785616219,"1":0.7972890139,"2":0.7725570798,"3":0.7554909587,"4":0.7579695582},"side_7_precision":{"0":0.5304808617,"1":0.7697903514,"2":0.8155997992,"3":0.8529491425,"4":0.8688649535},"side_7_accuracy":{"0":0.7018693089,"1":0.8554293513,"2":0.8682210445,"3":0.8771852851,"4":0.8831921816},"side_8_dice_coef":{"0":0.4790488183,"1":0.579364121,"2":0.6352060437,"3":0.6689196825,"4":0.6961480975},"side_8_jacard":{"0":0.3290091455,"1":0.4209257662,"2":0.4791025221,"3":0.5148190856,"4":0.5443621278},"side_8_recall":{"0":0.9140766859,"1":0.865144372,"2":0.8112238646,"3":0.7781738639,"4":0.7719439864},"side_8_precision":{"0":0.380807966,"1":0.5727811456,"2":0.7216786146,"3":0.7829420567,"4":0.8238605261},"side_8_accuracy":{"0":0.4847600162,"1":0.7443349361,"2":0.8356066346,"3":0.8566032648,"4":0.8711756468},"activation_116_dice_coef":{"0":0.4162853658,"1":0.4839887023,"2":0.505102396,"3":0.5183790922,"4":0.5279259682},"activation_116_jacard":{"0":0.272218585,"1":0.3274696767,"2":0.3465272784,"3":0.3577561378,"4":0.3658370376},"activation_116_recall":{"0":0.5998979807,"1":0.7467328906,"2":0.7799133062,"3":0.7866669297,"4":0.7939653397},"activation_116_precision":{"0":0.4275668859,"1":0.5562528968,"2":0.6109027863,"3":0.6464926004,"4":0.6745404601},"activation_116_accuracy":{"0":0.6056724787,"1":0.721778214,"2":0.7650821805,"3":0.7891174555,"4":0.8069365025},"add_38_dice_coef":{"0":0.491689682,"1":0.5975657701,"2":0.6283311844,"3":0.6487268806,"4":0.6645477414},"add_38_jacard":{"0":0.3371919394,"1":0.4360121191,"2":0.4686129093,"3":0.4892611504,"4":0.5058954954},"add_38_recall":{"0":0.8648545742,"1":0.8142693639,"2":0.7946295738,"3":0.7770416141,"4":0.779034853},"add_38_precision":{"0":0.5224604011,"1":0.7869920135,"2":0.8244745135,"3":0.8601779938,"4":0.8804187179},"add_38_accuracy":{"0":0.6966514587,"1":0.8669068813,"2":0.8772560358,"3":0.8855392337,"4":0.8929097652}}