{"loss":{"0":2.9825716019,"1":2.3099241257,"2":1.987859726,"3":1.8694126606,"4":1.8732261658,"5":1.7323936224,"6":1.6448459625,"7":1.6553465128,"8":1.6474279165,"9":1.5866626501,"10":1.5385576487,"11":1.440762043,"12":1.4558471441,"13":1.3565074205,"14":1.3016412258,"15":1.2526470423,"16":1.327132225,"17":1.2954372168,"18":1.2977552414,"19":1.1499197483},"side_6_loss":{"0":0.5150560141,"1":0.3778434694,"2":0.3220304847,"3":0.3026467264,"4":0.3102455735,"5":0.2762731612,"6":0.2617310882,"7":0.2631539702,"8":0.2561853528,"9":0.2425204515,"10":0.2344551533,"11":0.2134074718,"12":0.2188966721,"13":0.201941371,"14":0.181766361,"15":0.1737082005,"16":0.1919372678,"17":0.1830086857,"18":0.183819145,"19":0.1495360732},"side_7_loss":{"0":0.5653246641,"1":0.4049515128,"2":0.3406745791,"3":0.3207838237,"4":0.3297223151,"5":0.2964650393,"6":0.2766366005,"7":0.2861505449,"8":0.2817757726,"9":0.26606673,"10":0.2554756999,"11":0.2291279584,"12":0.2350420058,"13":0.2105813026,"14":0.1982226521,"15":0.1855667531,"16":0.2039364129,"17":0.1982621998,"18":0.1990296692,"19":0.1580876708},"side_8_loss":{"0":0.6489602327,"1":0.4931792319,"2":0.4021839201,"3":0.370003432,"4":0.3632707,"5":0.3305492997,"6":0.3052603304,"7":0.3094545007,"8":0.3115406632,"9":0.2951459289,"10":0.2802343071,"11":0.2606694996,"12":0.2610900402,"13":0.2347402573,"14":0.2222620994,"15":0.2106421888,"16":0.2284063846,"17":0.2203203738,"18":0.2224008739,"19":0.1822415441},"activation_64_loss":{"0":0.7086282969,"1":0.617852807,"2":0.5655349493,"3":0.5395776033,"4":0.5333568454,"5":0.5174463391,"6":0.505241394,"7":0.5005441308,"8":0.5020920038,"9":0.4968481064,"10":0.4904386103,"11":0.478332907,"12":0.4800431132,"13":0.4644908309,"14":0.4666616321,"15":0.4578403831,"16":0.4669395387,"17":0.4633511007,"18":0.4617516994,"19":0.4531269968},"add_26_loss":{"0":0.5440066457,"1":0.4155026078,"2":0.3568404019,"3":0.3358049989,"4":0.3360354602,"5":0.3110641837,"6":0.2953812182,"7":0.2954474688,"8":0.2952384353,"9":0.2854860425,"10":0.2773583233,"11":0.2586282492,"12":0.2601796687,"13":0.2441582978,"14":0.2321324348,"15":0.2242931575,"16":0.2353165895,"17":0.2298988849,"18":0.2301578522,"19":0.2063312829},"side_6_dice_coef":{"0":0.5472837687,"1":0.6676372886,"2":0.7192428112,"3":0.730083704,"4":0.7211996317,"5":0.7509986758,"6":0.7658399343,"7":0.7710826397,"8":0.7692350745,"9":0.7755596042,"10":0.7788402438,"11":0.8022682071,"12":0.8013672829,"13":0.8115628362,"14":0.8290418386,"15":0.8351718187,"16":0.825250268,"17":0.8351343274,"18":0.8333616257,"19":0.8541208506},"side_6_jacard":{"0":0.3884694874,"1":0.5108240247,"2":0.572617054,"3":0.5862788558,"4":0.5747381449,"5":0.6103612185,"6":0.628987968,"7":0.6383764148,"8":0.6328703165,"9":0.6424826384,"10":0.6486735344,"11":0.6784433722,"12":0.6748488545,"13":0.6913530827,"14":0.7157143354,"15":0.7231103182,"16":0.7102234364,"17":0.7237471342,"18":0.721993506,"19":0.7507965565},"side_6_recall":{"0":0.7258996367,"1":0.7152574062,"2":0.7536529899,"3":0.7687495351,"4":0.7506312132,"5":0.8000038862,"6":0.7877258062,"7":0.8120503426,"8":0.7889429927,"9":0.8153871894,"10":0.8202741146,"11":0.8478963375,"12":0.8251413107,"13":0.8560677171,"14":0.8622669578,"15":0.8812040091,"16":0.8593572378,"17":0.8590208888,"18":0.8640094399,"19":0.8897696137},"side_6_precision":{"0":0.5810306072,"1":0.8137774467,"2":0.845104754,"3":0.8568982482,"4":0.8625503182,"5":0.8686308861,"6":0.8949725032,"7":0.8811330795,"8":0.9007279277,"9":0.8867758512,"10":0.887742579,"11":0.8946634531,"12":0.9111004472,"13":0.9010614753,"14":0.9233087897,"15":0.9175685048,"16":0.9165173769,"17":0.9252826571,"18":0.9160280824,"19":0.9294266701},"side_6_accuracy":{"0":0.7386348844,"1":0.8530448675,"2":0.8739989996,"3":0.8821424842,"4":0.8790775537,"5":0.8948071599,"6":0.9001392126,"7":0.9025049806,"8":0.9023372531,"9":0.9053807855,"10":0.9071079493,"11":0.9174368382,"12":0.9163104892,"13":0.9220260382,"14":0.9313910007,"15":0.9351248145,"16":0.9282564521,"17":0.9310659766,"18":0.9294771552,"19":0.941734314},"side_7_dice_coef":{"0":0.4261859357,"1":0.5995280743,"2":0.6843174696,"3":0.7072888613,"4":0.7036215067,"5":0.7275036573,"6":0.747363627,"7":0.7526723146,"8":0.7488715649,"9":0.7496122122,"10":0.7593525648,"11":0.7848826647,"12":0.7849795222,"13":0.7999786139,"14":0.8131469488,"15":0.8256576657,"16":0.814408958,"17":0.8233367205,"18":0.8240767717,"19":0.8458479643},"side_7_jacard":{"0":0.2762270272,"1":0.4361467361,"2":0.5306270123,"3":0.5583273172,"4":0.5538693666,"5":0.5812041759,"6":0.6053657532,"7":0.6150042415,"8":0.6072720289,"9":0.6103487015,"10":0.6231645346,"11":0.6553345323,"12":0.6536830664,"13":0.6748308539,"14":0.6937879324,"15":0.7100559473,"16":0.6950991154,"17":0.7074333429,"18":0.7092391253,"19":0.7390546799},"side_7_recall":{"0":0.399492085,"1":0.6713474393,"2":0.7378944755,"3":0.7485231757,"4":0.7265506983,"5":0.7644838095,"6":0.7626376748,"7":0.7880633473,"8":0.7577914596,"9":0.7933285832,"10":0.8018686175,"11":0.8332657814,"12":0.8123242855,"13":0.8439378738,"14":0.8500625491,"15":0.87078017,"16":0.850720644,"17":0.8527798057,"18":0.855474472,"19":0.8802079558},"side_7_precision":{"0":0.5993094444,"1":0.7916036844,"2":0.8300842047,"3":0.8537471294,"4":0.8618449569,"5":0.869805038,"6":0.9019563198,"7":0.8775495887,"8":0.8995469809,"9":0.8823463917,"10":0.8839280009,"11":0.8932625651,"12":0.9097163677,"13":0.9055761695,"14":0.9241104722,"15":0.9217708111,"16":0.9183787107,"17":0.9245528579,"18":0.9198215604,"19":0.9334613681},"side_7_accuracy":{"0":0.7156713009,"1":0.8343747258,"2":0.8646034002,"3":0.8755643368,"4":0.872217536,"5":0.8853164911,"6":0.8950445652,"7":0.894507587,"8":0.8928915858,"9":0.8976029754,"10":0.9005613923,"11":0.9127280116,"12":0.9120754004,"13":0.9200176001,"14":0.9279853702,"15":0.9334335327,"16":0.9263004065,"17":0.9289474487,"18":0.9281987548,"19":0.9401801825},"side_8_dice_coef":{"0":0.427680254,"1":0.5310043097,"2":0.6177896857,"3":0.6541547775,"4":0.6584196091,"5":0.6846771836,"6":0.7092449665,"7":0.7205088139,"8":0.7160381079,"9":0.7205541134,"10":0.7311665416,"11":0.7529613376,"12":0.7539154887,"13":0.7735421658,"14":0.7822437882,"15":0.7993667126,"16":0.7868805528,"17":0.79710114,"18":0.7983223796,"19":0.818962574},"side_8_jacard":{"0":0.2787130773,"1":0.3704270422,"2":0.4572471082,"3":0.4970722198,"4":0.502487421,"5":0.5310908556,"6":0.5585730076,"7":0.5745296478,"8":0.5670056343,"9":0.5756958723,"10":0.5882900953,"11":0.6136659384,"12":0.6146074533,"13":0.639981389,"14":0.6527411938,"15":0.6749231219,"16":0.6589412093,"17":0.6727464795,"18":0.6750992537,"19":0.702034235},"side_8_recall":{"0":0.6216872334,"1":0.7365550995,"2":0.7695740461,"3":0.774294138,"4":0.7461462021,"5":0.7687317133,"6":0.7641330361,"7":0.7799955606,"8":0.7463565469,"9":0.7775332332,"10":0.7875193954,"11":0.8117592931,"12":0.8023885489,"13":0.831409514,"14":0.8374484777,"15":0.8602124453,"16":0.8395301104,"17":0.8430404067,"18":0.8456583023,"19":0.8668411374},"side_8_precision":{"0":0.4586085379,"1":0.6356082559,"2":0.7301186919,"3":0.7708012462,"4":0.797606647,"5":0.8226570487,"6":0.8628485203,"7":0.8516417742,"8":0.8735274673,"9":0.8579161167,"10":0.8657256365,"11":0.8743872046,"12":0.8889033794,"13":0.8909676671,"14":0.9119473696,"15":0.906869173,"16":0.9052550793,"17":0.9153692722,"18":0.9125835299,"19":0.9246903658},"side_8_accuracy":{"0":0.6355060339,"1":0.7752811313,"2":0.8312610388,"3":0.8505794406,"4":0.8547592163,"5":0.8699006438,"6":0.8828975558,"7":0.8833713531,"8":0.8814633489,"9":0.8848931789,"10":0.8903375268,"11":0.9000931978,"12":0.902374506,"13":0.9114066958,"14":0.9202299714,"15":0.9252387881,"16":0.9186159968,"17":0.9230181575,"18":0.9228725433,"19":0.9332252741},"activation_64_dice_coef":{"0":0.4196271896,"1":0.4626615644,"2":0.4879144132,"3":0.5030277967,"4":0.499804914,"5":0.5101127625,"6":0.5188952088,"7":0.5231714249,"8":0.5187684894,"9":0.5243341327,"10":0.5268185139,"11":0.5372405648,"12":0.5337581038,"13":0.5468945503,"14":0.5418011546,"15":0.5520853996,