{"loss":{"0":2.8203866482,"1":2.1502144337,"2":2.0425200462,"3":1.9824361801,"4":1.9010728598,"5":1.7917801142,"6":1.7943527699,"7":1.6354148388,"8":1.7446769476,"9":1.6330264807,"10":1.647103548,"11":1.6172367334,"12":1.5324895382,"13":1.4520725012,"14":1.4960215092,"15":1.4450852871,"16":1.3943096399,"17":1.4868371487,"18":1.467952013,"19":1.4725737572},"side_6_loss":{"0":0.444129765,"1":0.3397385478,"2":0.3405132592,"3":0.3311766982,"4":0.3079379499,"5":0.2831075788,"6":0.282956779,"7":0.2509267926,"8":0.2669889629,"9":0.2448822558,"10":0.2380949557,"11":0.2351480722,"12":0.2115711272,"13":0.1964122355,"14":0.1986222565,"15":0.1886422932,"16":0.1814898252,"17":0.1927767396,"18":0.2017429322,"19":0.197722435},"side_7_loss":{"0":0.5727928281,"1":0.3821448684,"2":0.3666635156,"3":0.3607000411,"4":0.3425923586,"5":0.3193275928,"6":0.323244065,"7":0.2881868184,"8":0.3098575175,"9":0.2855069339,"10":0.2880026996,"11":0.2833532989,"12":0.2636262178,"13":0.2397729158,"14":0.2542248666,"15":0.2408514768,"16":0.2305970639,"17":0.2485100478,"18":0.2479232848,"19":0.2483574897},"side_8_loss":{"0":0.5986723304,"1":0.4297699332,"2":0.3929016888,"3":0.3842169344,"4":0.3745457232,"5":0.3482463956,"6":0.3535428643,"7":0.3128546178,"8":0.3503596783,"9":0.3196707368,"10":0.3314433098,"11":0.3205677569,"12":0.3059455156,"13":0.2853341401,"14":0.3008902371,"15":0.2869775891,"16":0.2697080374,"17":0.3045564294,"18":0.2902493477,"19":0.2945273519},"activation_140_loss":{"0":0.702388823,"1":0.6210576892,"2":0.5832538605,"3":0.5572978258,"4":0.5391726494,"5":0.5218896866,"6":0.5160491467,"7":0.4931360185,"8":0.5078101158,"9":0.4926039279,"10":0.4978587031,"11":0.4906782508,"12":0.4803670943,"13":0.472779125,"14":0.4776192605,"15":0.4725330472,"16":0.4650921822,"17":0.47900635,"18":0.4699503481,"19":0.472155571},"add_38_loss":{"0":0.5024026036,"1":0.3775033951,"2":0.359187901,"3":0.3490445912,"4":0.3368240595,"5":0.3192091882,"6":0.318559289,"7":0.2903108001,"8":0.3096612096,"9":0.2903630435,"10":0.2917035222,"11":0.2874891758,"12":0.2709799409,"13":0.2577739954,"14":0.2646647096,"15":0.2560814619,"16":0.2474225461,"17":0.2619876266,"18":0.2580859363,"19":0.2598110735},"side_6_dice_coef":{"0":0.5861355066,"1":0.7028235793,"2":0.6963646412,"3":0.7113029957,"4":0.7205082774,"5":0.7380207777,"6":0.737149179,"7":0.7711476088,"8":0.7519370317,"9":0.7720252275,"10":0.7729483843,"11":0.7813327312,"12":0.8025634885,"13":0.8100687861,"14":0.8096598387,"15":0.8163332939,"16":0.8259533644,"17":0.8128265142,"18":0.823468864,"19":0.8161608577},"side_6_jacard":{"0":0.4262656271,"1":0.5515629053,"2":0.5455651283,"3":0.5607554913,"4":0.5720362067,"5":0.5931590796,"6":0.5939443111,"7":0.6353107691,"8":0.6109905839,"9":0.6378791928,"10":0.64031142,"11":0.6502991915,"12":0.6764902472,"13":0.6868861914,"14":0.6864612699,"15":0.6970632672,"16":0.7104175687,"17":0.6911510229,"18":0.7078531981,"19":0.6957343817},"side_6_recall":{"0":0.6230495572,"1":0.7356180549,"2":0.7206498981,"3":0.7450167537,"4":0.7511126995,"5":0.7768484354,"6":0.7827325463,"7":0.7955095768,"8":0.7890880704,"9":0.8103966117,"10":0.8092904091,"11":0.8234666586,"12":0.8339754343,"13":0.8516731858,"14":0.8427435756,"15":0.8594325185,"16":0.8699812889,"17":0.8531022072,"18":0.8480899334,"19":0.854721725},"side_6_precision":{"0":0.7543997169,"1":0.8357774019,"2":0.8434384465,"3":0.841627717,"4":0.8576575518,"5":0.8709920049,"6":0.8662935495,"7":0.8922104836,"8":0.8863884807,"9":0.8911218643,"10":0.8988146186,"11":0.8978875279,"12":0.912133038,"13":0.910897851,"14":0.9163452387,"15":0.9093859196,"16":0.9105591774,"17":0.9121291041,"18":0.9079938531,"19":0.9131678343},"side_6_accuracy":{"0":0.8099930882,"1":0.8659884334,"2":0.8646135926,"3":0.8704939485,"4":0.8775821924,"5":0.8891609311,"6":0.8892062902,"7":0.9014890194,"8":0.8977350593,"9":0.9054147005,"10":0.9076437354,"11":0.9114565253,"12":0.9192627072,"13":0.9240888953,"14":0.9232512116,"15":0.925868988,"16":0.9293854833,"17":0.9249257445,"18":0.9220536351,"19":0.9257546663},"side_7_dice_coef":{"0":0.5081319809,"1":0.657182157,"2":0.6740469933,"3":0.6886616349,"4":0.6965279579,"5":0.7130903006,"6":0.7101830244,"7":0.7448985577,"8":0.724699676,"9":0.7414588928,"10":0.7388263941,"11":0.7425207496,"12":0.7619422674,"13":0.776927352,"14":0.7682715654,"15":0.7765086889,"16":0.7867853045,"17":0.7691503763,"18":0.7892869711,"19":0.7772085071},"side_7_jacard":{"0":0.350574553,"1":0.4983404279,"2":0.519977212,"3":0.5330779552,"4":0.5433671474,"5":0.5627272725,"6":0.5608705878,"7":0.6018615961,"8":0.5771087408,"9":0.598562479,"10":0.596662879,"11":0.6003495455,"12":0.6238287687,"13":0.6423892379,"14":0.6318877935,"15":0.6435396671,"16":0.6563754678,"17":0.633207202,"18":0.6612756848,"19":0.6435893178},"side_7_recall":{"0":0.6518346071,"1":0.7287607789,"2":0.7125397921,"3":0.7186516523,"4":0.7251189947,"5":0.7516225576,"6":0.7493969202,"7":0.770244956,"8":0.7561475039,"9":0.7728593349,"10":0.7705968618,"11":0.786057353,"12":0.7874732018,"13":0.8172957897,"14":0.7996243834,"15":0.8144528866,"16":0.823394835,"17":0.8065980673,"18":0.8120115399,"19":0.8114737272},"side_7_precision":{"0":0.5490168333,"1":0.7977811694,"2":0.8211280704,"3":0.8297500014,"4":0.8445063829,"5":0.8514005542,"6":0.8501195908,"7":0.8738577366,"8":0.861577332,"9":0.8768936992,"10":0.8753058314,"11":0.8696827888,"12":0.8946874738,"13":0.8935952187,"14":0.890126884,"15":0.8899319172,"16":0.9006468654,"17":0.8944660425,"18":0.8954891562,"19":0.8954286575},"side_7_accuracy":{"0":0.710426569,"1":0.8505729437,"2":0.8549268246,"3":0.8594738245,"4":0.8661625981,"5":0.875610888,"6":0.8745741248,"7":0.8882677555,"8":0.8802728057,"9":0.8900043368,"10":0.8888445497,"11":0.8912866116,"12":0.8999742866,"13":0.9082313776,"14":0.9019870758,"15":0.906181097,"16":0.9123564363,"17":0.9054309726,"18":0.907335639,"19":0.9071599245},"side_8_dice_coef":{"0":0.4016914964,"1":0.5751498342,"2":0.6318338513,"3":0.657959938,"4":0.6686407924,"5":0.6858192682,"6":0.6853154302,"7":0.7223017216,"8":0.6990400553,"9":0.7164062858,"10":0.7085863948,"11":0.7165067196,"12":0.729511857,"13":0.7446849346,"14":0.7364071012,"15":0.742779851,"16":0.754681766,"17":0.7306676507,"18":0.7539212704,"19":0.7444950938},"side_8_jacard":{"0":0.2557891011,"1":0.4089473784,"2":0.4707507193,"3":0.4974654317,"4":0.510720253,"5":0.5307136178,"6":0.5315821171,"7":0.5741398335,"8":0.5464953184,"9":0.5672698617,"10":0.5598480701,"11":0.5681070685,"12":0.5835092068,"13":0.6006039977,"14":0.5923444629,"15":0.6001991034,"16":0.6151161194,"17":0.585968554,"18":0.6152077317,"19":0.6023857594},"side_8_recall":{"0":0.3230148256,"1":0.6140710711,"2":0.6644638181,"3":0.6807283163,"4":0.6891030073,"5":0.7154688835,"6":0.7246137857,"7":0.7594979405,"8":0.7239049077,"9":0.7440285087,"10":0.7344132662,"11":0.7535284162,"12":0.7561994791,"13":0.7766202688,"14":0.7622030973,"15":0.7793428898,"16":0.7919209003,"17":0.7645404339,"18":0.7800905704,"19":0.7720336318},"side_8_precision":{"0":0.5814142823,"1":0.8004885912,"2":0.8157272339,"3":0.8226763606,"4":0.8298811913,"5":0.8434694409,"6":0.8324002028,"7":0.8604121208,"8":0.8442644477,"9":0.8700097799,"10":0.8556340933,"11":0.8544114828,"12":0.8721444011,"13":0.8765602708,"14":0.8742358088,"15":0.8699509501,"16":0.8815888166,"17":0.8625817895,"18":0.8736435175,"19":0.8760031462},"side_8_accuracy":{"0":0.701928556,"1":0.8233674169,"2":0.8408477902,"3":0.8472839594,"4":0.8518201113,"5":0.8632410765,"6":0.8619379401,"7":0.8808031678,"8":0.865757525,"9":0.8796823025,"10":0.8723541498,"11":0.8771485686,"12":0.8837721348,"13":0.8909534216,"14":0.886136353,"15":0.8895063996,"16":0.8969504237,"17":0.8829200864,"18":0.8909568787,"19":0.8894784451},"activation_140_dice_coef":{"0":0.4236953855,"1":0.4647726417,"2":0.4827733934,"3":0.4963482022,"4":0.5077038407,"5":0.5179417729,"6":0.5187405944,"7":0.5382517576,"8":0.5230533481,"9":0.5335127115,"10":0.5273841619,"11":0.5323463082,"12":0.5405198336,"13":0.5475715399,"14":0.5427910686,"15":0.5453108549,