{"loss":{"0":2.9684131145,"1":2.2600576878,"2":1.984156847,"3":1.8689110279,"4":1.7531702518,"5":1.698833704,"6":1.6427589655,"7":1.5518815517,"8":1.5299930573,"9":1.5538806915,"10":1.494849205,"11":1.3847565651,"12":1.4014747143,"13":1.3836834431,"14":1.4477417469,"15":1.3949292898,"16":1.2872729301,"17":1.2801998854,"18":1.2189896107,"19":1.2870051861},"side_6_loss":{"0":0.4541750848,"1":0.3474211693,"2":0.3195568323,"3":0.3090513945,"4":0.2825352848,"5":0.2661955059,"6":0.2564180195,"7":0.2363754809,"8":0.2270385027,"9":0.2305565774,"10":0.2163804024,"11":0.1946634948,"12":0.1895093173,"13":0.188137874,"14":0.2052047253,"15":0.1940422207,"16":0.1662362516,"17":0.1688483804,"18":0.1595129818,"19":0.1689391285},"side_7_loss":{"0":0.5598382354,"1":0.3657334447,"2":0.3319150209,"3":0.3216578364,"4":0.2990463674,"5":0.2933937609,"6":0.2819010913,"7":0.2651345432,"8":0.257185787,"9":0.2663698792,"10":0.2527170181,"11":0.2273970395,"12":0.2279413193,"13":0.2328928262,"14":0.2438540757,"15":0.2282187194,"16":0.206227541,"17":0.2021091431,"18":0.1874436736,"19":0.2051554024},"side_8_loss":{"0":0.6893943548,"1":0.5003347993,"2":0.392957896,"3":0.36019665,"4":0.3348160684,"5":0.3257695735,"6":0.3127563596,"7":0.2917341292,"8":0.2910145521,"9":0.2988741994,"10":0.2851130366,"11":0.2552060485,"12":0.2668559253,"13":0.2590047121,"14":0.2731298804,"15":0.2618589699,"16":0.2354658842,"17":0.230477497,"18":0.214649111,"19":0.2349642217},"activation_1550_loss":{"0":0.7289233208,"1":0.6479557753,"2":0.5851662755,"3":0.542316556,"4":0.5198053718,"5":0.5066391826,"6":0.4950007796,"7":0.4807095528,"8":0.4779961705,"9":0.4788282514,"10":0.4714005888,"11":0.4581297338,"12":0.46454072,"13":0.4566163123,"14":0.4676612318,"15":0.4614418149,"16":0.4487167001,"17":0.4492663741,"18":0.4401469231,"19":0.4506847262},"add_428_loss":{"0":0.536082387,"1":0.3986123204,"2":0.3545606434,"3":0.335688144,"4":0.3169668019,"5":0.3068355918,"6":0.2966826558,"7":0.2779277265,"8":0.2767580748,"9":0.2792516351,"10":0.269238025,"11":0.2493603528,"12":0.2526273727,"13":0.2470317334,"14":0.2578920424,"15":0.2493676692,"16":0.2306265086,"17":0.2294989377,"18":0.2172368318,"19":0.2272618264},"side_6_dice_coef":{"0":0.5705492496,"1":0.7060377598,"2":0.7128769755,"3":0.7278407812,"4":0.7387680411,"5":0.7517865896,"6":0.762650609,"7":0.7905684114,"8":0.7868827581,"9":0.7866224051,"10":0.7954294086,"11":0.8175504804,"12":0.8119134903,"13":0.8240914345,"14":0.8106942177,"15":0.8270934224,"16":0.8391855359,"17":0.8347285986,"18":0.8513998985,"19":0.8435422182},"side_6_jacard":{"0":0.4124236107,"1":0.5571342707,"2":0.5635442138,"3":0.5810055137,"4":0.5936309099,"5":0.6118231416,"6":0.6257842779,"7":0.6601664424,"8":0.6556662917,"9":0.6564177275,"10":0.6682084203,"11":0.6977579594,"12":0.691768527,"13":0.7071617246,"14":0.687904954,"15":0.70857054,"16":0.7295337915,"17":0.7219210267,"18":0.7452208996,"19":0.7349187136},"side_6_recall_10":{"0":0.6305656433,"1":0.7201691866,"2":0.7527958751,"3":0.7461931705,"4":0.7653743029,"5":0.7890364528,"6":0.8024374843,"7":0.808842659,"8":0.8306638002,"9":0.8161030412,"10":0.8331676126,"11":0.8553091884,"12":0.8520196676,"13":0.8503338099,"14":0.8474795818,"15":0.8514892459,"16":0.8715643287,"17":0.8776715994,"18":0.8777623773,"19":0.8731792569},"side_6_precision_10":{"0":0.712554574,"1":0.8471355438,"2":0.850468576,"3":0.8648292422,"4":0.8771985173,"5":0.8845832348,"6":0.8819265962,"7":0.9107161164,"8":0.8949869275,"9":0.9008828998,"10":0.9033725262,"11":0.9131110907,"12":0.9103900194,"13":0.9196043015,"14":0.9072556496,"15":0.919057548,"16":0.9243362546,"17":0.9149275422,"18":0.9295799136,"19":0.9326689839},"side_6_accuracy":{"0":0.7955681086,"1":0.8657065034,"2":0.8756107092,"3":0.8786019683,"4":0.8879951239,"5":0.8971250057,"6":0.9000481963,"7":0.9113675356,"8":0.9125643373,"9":0.9103081822,"10":0.9161205292,"11":0.9259098172,"12":0.9240204096,"13":0.9265893102,"14":0.9216250181,"15":0.9267543554,"16":0.9345287085,"17":0.9331663847,"18":0.9381491542,"19":0.9377804995},"side_7_dice_coef":{"0":0.5261890888,"1":0.6711269617,"2":0.7000354528,"3":0.7181743383,"4":0.7256659269,"5":0.7308692932,"6":0.7407064438,"7":0.7643299103,"8":0.7598827481,"9":0.7579129338,"10":0.7638993263,"11":0.7878780961,"12":0.7795141935,"13":0.7876742482,"14":0.7802102566,"15":0.7945472002,"16":0.8059056401,"17":0.8097583055,"18":0.8286975622,"19":0.8183666468},"side_7_jacard":{"0":0.3686370254,"1":0.5169730186,"2":0.549613297,"3":0.569770813,"4":0.5782179236,"5":0.5863655806,"6":0.5981999636,"7":0.6260479689,"8":0.6205260158,"9":0.6189912558,"10":0.6273131967,"11":0.6577057242,"12":0.6484738588,"13":0.6583669186,"14":0.647982657,"15":0.6647058725,"16":0.68328017,"17":0.6871886253,"18":0.712952733,"19":0.7001925707},"side_7_recall_10":{"0":0.7665014267,"1":0.7483291626,"2":0.7527772784,"3":0.738462925,"4":0.7528548837,"5":0.7631964087,"6":0.7741583586,"7":0.7845899463,"8":0.8001280427,"9":0.7798088789,"10":0.7962921858,"11":0.8205162287,"12":0.8203074932,"13":0.8142565489,"14":0.806563139,"15":0.8146837354,"16":0.8421530724,"17":0.8483374715,"18":0.8551474214,"19":0.8451818228},"side_7_precision_10":{"0":0.5394437313,"1":0.8054443002,"2":0.840513289,"3":0.8580523729,"4":0.8730958104,"5":0.8736883998,"6":0.8781533837,"7":0.8987672329,"8":0.8840476871,"9":0.8941353559,"10":0.8983348608,"11":0.911266923,"12":0.9075201154,"13":0.9078714252,"14":0.9068060517,"15":0.9150808454,"16":0.9169596434,"17":0.9153079987,"18":0.9332092404,"19":0.9281259179},"side_7_accuracy":{"0":0.7090170383,"1":0.8582850099,"2":0.8721700311,"3":0.8742544651,"4":0.8831450343,"5":0.8862358332,"6":0.8907853365,"7":0.9004451632,"8":0.9001060724,"9":0.8975818753,"10":0.9037085176,"11":0.9149965644,"12":0.9137169123,"13":0.9120497108,"14":0.909442246,"15":0.9144924283,"16":0.9232771397,"17":0.9245732427,"18":0.9324716926,"19":0.9278139472},"side_8_dice_coef":{"0":0.423564285,"1":0.5262516141,"2":0.6203473806,"3":0.6615588069,"4":0.6809164286,"5":0.6959777474,"6":0.711078167,"7":0.734770596,"8":0.7303516865,"9":0.7279955149,"10":0.7364942431,"11":0.7599598765,"12":0.7498481274,"13":0.7626630068,"14":0.7553725243,"15":0.7645356059,"16":0.7776665688,"17":0.7849706411,"18":0.8021874428,"19":0.7899951339},"side_8_jacard":{"0":0.2762045562,"1":0.3655719161,"2":0.459281832,"3":0.5023348331,"4":0.5240750313,"5":0.5439779758,"6":0.5614562035,"7":0.5881486535,"8":0.582729578,"9":0.5811257362,"10":0.5925508738,"11":0.6211862564,"12":0.6097342372,"13":0.6257560253,"14":0.6159383059,"15":0.6254360676,"16":0.6454938054,"17":0.6533833742,"18":0.6764873266,"19":0.6625114679},"side_8_recall_10":{"0":0.6635838151,"1":0.7233147621,"2":0.7566138506,"3":0.7405170202,"4":0.7464445829,"5":0.7576153278,"6":0.7663908601,"7":0.779488802,"8":0.7746930122,"9":0.7646312714,"10":0.7806295156,"11":0.8025437593,"12":0.8045338392,"13":0.8043965101,"14":0.7939502001,"15":0.7990726829,"16":0.8299459815,"17":0.8381403089,"18":0.8427936435,"19":0.8336362839},"side_8_precision_10":{"0":0.4132632911,"1":0.6342017651,"2":0.7609796524,"3":0.8040132523,"4":0.831078887,"5":0.8391020894,"6":0.8511885405,"7":0.871599257,"8":0.8624519706,"9":0.8670148849,"10":0.8730638027,"11":0.8989167809,"12":0.8782179356,"13":0.8895074725,"14":0.88790977,"15":0.8949806094,"16":0.9013283253,"17":0.8987833858,"18":0.9196296334,"19":0.9061302543},"side_8_accuracy":{"0":0.5809971094,"1":0.7726026177,"2":0.8423563838,"3":0.8558070064,"4":0.8671845794,"5":0.8729578853,"6":0.879532516,"7":0.8901023865,"8":0.8856728673,"9":0.8844304681,"10":0.8909135461,"11":0.9057149291,"12":0.8993807435,"13":0.903151691,"14":0.8996271491,"15":0.9034240842,"16":0.9144948125,"17":0.9160233736,"18":0.9243425727,"19":0.9171780944},"activation_1550_dice_coef":{"0":0.413217932,"1":0.4499440789,"2":0.4804990888,"3":0.5025913715,"4":0.5135632753,"5":0.521515727,"6":0.5289779305,"7":0.5408738852,"8":0.5398988724,"9":0.538243413,"10":0.5441135168,"11":0.5549837351,"12":0.5471104383,"13":0.5550988317,"14":0.5454423428,