{"loss":{"0":3.1314818859,"1":2.3771531582,"2":2.0791845322,"3":2.0879566669,"4":1.9376144409,"5":1.876254797,"6":1.9161523581,"7":1.8092653751,"8":1.8329700232,"9":1.7265188694,"10":1.6335268021,"11":1.6200287342,"12":1.6063768864,"13":1.6086061001,"14":1.5130761862,"15":1.5826004744,"16":1.5290386677,"17":1.4180176258,"18":1.4214920998,"19":1.4713698626},"side_6_loss":{"0":0.5050101876,"1":0.3514961302,"2":0.3133222461,"3":0.3420707881,"4":0.3088295758,"5":0.2937677801,"6":0.3031514287,"7":0.2800495028,"8":0.2891092896,"9":0.2603007853,"10":0.2405122519,"11":0.2410599887,"12":0.2354186326,"13":0.2318556756,"14":0.2192672044,"15":0.2314772159,"16":0.2134952843,"17":0.1918946356,"18":0.1900152415,"19":0.1973982155},"side_7_loss":{"0":0.6538671255,"1":0.4147699475,"2":0.3552749753,"3":0.3733956814,"4":0.337708503,"5":0.3297652006,"6":0.3400217891,"7":0.3187958896,"8":0.3278351724,"9":0.3006903827,"10":0.2833615243,"11":0.2798738778,"12":0.2804204822,"13":0.2796776593,"14":0.2566763759,"15":0.2767257392,"16":0.257804513,"17":0.2337219715,"18":0.239273265,"19":0.2469462901},"side_8_loss":{"0":0.6135128736,"1":0.4905431867,"2":0.4168922007,"3":0.4146071076,"4":0.3836146891,"5":0.3701842725,"6":0.3870526254,"7":0.3550755382,"8":0.3610484004,"9":0.3393933475,"10":0.3167521358,"11":0.3083376288,"12":0.3081949055,"13":0.3122056723,"14":0.2835888565,"15":0.3067826331,"16":0.2943484485,"17":0.2670795321,"18":0.2672763467,"19":0.2861148417},"activation_140_loss":{"0":0.7964422107,"1":0.7030694485,"2":0.6257206202,"3":0.5907469988,"4":0.5651085973,"5":0.5494628549,"6":0.5457283854,"7":0.531683445,"8":0.530497849,"9":0.5177566409,"10":0.5023405552,"11":0.5031579733,"12":0.4964645803,"13":0.499058634,"14":0.4832004607,"15":0.487603128,"16":0.4893405437,"17":0.4714000821,"18":0.4718089998,"19":0.4795032144},"add_38_loss":{"0":0.562648654,"1":0.4172751009,"2":0.3679743409,"3":0.3671355546,"4":0.3423529267,"5":0.3330750167,"6":0.3401980102,"7":0.3236609101,"8":0.3244791329,"9":0.3083775043,"10":0.2905606627,"11":0.2875996232,"12":0.285877794,"13":0.2858080864,"14":0.2703432441,"15":0.2800120711,"16":0.2740496695,"17":0.2539216578,"18":0.253118366,"19":0.2614075541},"side_6_dice_coef":{"0":0.5260697603,"1":0.6885846853,"2":0.7120518684,"3":0.711366415,"4":0.7268921137,"5":0.7349840403,"6":0.7197156549,"7":0.7387325764,"8":0.7416377068,"9":0.7552164197,"10":0.7823076248,"11":0.7825362086,"12":0.7799552679,"13":0.7864459157,"14":0.7921497822,"15":0.7925335169,"16":0.7932368517,"17":0.8103761673,"18":0.8180087805,"19":0.8118041158},"side_6_jacard":{"0":0.3668536544,"1":0.5345805883,"2":0.5629531145,"3":0.5640243292,"4":0.5818673372,"5":0.5911438465,"6":0.5731959939,"7":0.5952583551,"8":0.5997234583,"9":0.617276907,"10":0.6499074101,"11":0.6516521573,"12":0.6490010619,"13":0.6569651365,"14":0.6642112136,"15":0.6658990383,"16":0.6653077006,"17":0.690453589,"18":0.70160079,"19":0.6910736561},"side_6_recall":{"0":0.6293697953,"1":0.7246327996,"2":0.7539517283,"3":0.7342604399,"4":0.7542334199,"5":0.7722058892,"6":0.7682272792,"7":0.7952131629,"8":0.7687759399,"9":0.8051496148,"10":0.8136574626,"11":0.818076849,"12":0.828381896,"13":0.812676549,"14":0.8374620676,"15":0.8219150305,"16":0.8305943012,"17":0.8592416644,"18":0.8527056575,"19":0.8554888368},"side_6_precision":{"0":0.6318018436,"1":0.8186033368,"2":0.8407250643,"3":0.839191854,"4":0.8600081801,"5":0.8636866212,"6":0.8539435267,"7":0.8627589345,"8":0.8794428706,"9":0.8788453937,"10":0.8923352361,"11":0.8897937536,"12":0.8850294352,"13":0.9018124342,"14":0.8896305561,"15":0.9020603299,"16":0.9052427411,"17":0.9043319821,"18":0.9150300622,"19":0.9040208459},"side_6_accuracy":{"0":0.7583375573,"1":0.8571346402,"2":0.8725559115,"3":0.8668023348,"4":0.8792228699,"5":0.885407269,"6":0.8809833527,"7":0.8914327025,"8":0.8896868229,"9":0.8997690678,"10":0.9067596197,"11":0.9071750641,"12":0.9084914923,"13":0.9096135497,"14":0.9126845002,"15":0.9123935699,"16":0.9159899354,"17":0.92408216,"18":0.9257795811,"19":0.9228757024},"side_7_dice_coef":{"0":0.4598845541,"1":0.6216033697,"2":0.6734967828,"3":0.6811796427,"4":0.7015268207,"5":0.7047231197,"6":0.6912694573,"7":0.707077384,"8":0.7123656869,"9":0.7275449634,"10":0.7521623373,"11":0.7571766376,"12":0.7495108247,"13":0.7537541389,"14":0.767805934,"15":0.7660867572,"16":0.7628309131,"17":0.7839497328,"18":0.7868157625,"19":0.7798936963},"side_7_jacard":{"0":0.3074904084,"1":0.4602004588,"2":0.5179363489,"3":0.5283783674,"4":0.5520135164,"5":0.5543749332,"6":0.5393576026,"7":0.5568580031,"8":0.5643643141,"9":0.5822147727,"10":0.6104185581,"11":0.6189473867,"12":0.610268712,"13":0.6154366136,"14":0.6321194768,"15":0.6323431134,"16":0.6261308193,"17":0.6546097398,"18":0.660405755,"19":0.6483166218},"side_7_recall":{"0":0.6752806902,"1":0.7230229378,"2":0.7252373099,"3":0.7043633461,"4":0.7267276645,"5":0.7359175682,"6":0.7319715619,"7":0.7567679286,"8":0.7397526503,"9":0.7653556466,"10":0.7757107615,"11":0.7861318588,"12":0.7884591222,"13":0.7814152837,"14":0.8021619916,"15":0.7969297171,"16":0.7968734503,"17":0.8234844804,"18":0.8140128851,"19":0.8160409927},"side_7_precision":{"0":0.4619445503,"1":0.7432586551,"2":0.8082697988,"3":0.8173472285,"4":0.8495613933,"5":0.8452347517,"6":0.8355388045,"7":0.8437029123,"8":0.8549755812,"9":0.8600127101,"10":0.8785057664,"11":0.876370728,"12":0.8718852997,"13":0.8825833797,"14":0.887637496,"15":0.8788158894,"16":0.8892731071,"17":0.8958504796,"18":0.8982935548,"19":0.88635993},"side_7_accuracy":{"0":0.635820508,"1":0.8273819089,"2":0.8535768986,"3":0.8515306115,"4":0.8682707548,"5":0.8692960143,"6":0.8649462461,"7":0.8743451238,"8":0.8735904694,"9":0.8822759986,"10":0.8913396001,"11":0.8935680389,"12":0.892706275,"13":0.8942973018,"14":0.9018877745,"15":0.8974366784,"16":0.9009151459,"17":0.9107782841,"18":0.9088450074,"19":0.9054261446},"side_8_dice_coef":{"0":0.3861811757,"1":0.5013098717,"2":0.5837050676,"3":0.6141488552,"4":0.643889606,"5":0.6577385664,"6":0.646193862,"7":0.6688348651,"8":0.6720833778,"9":0.6895096302,"10":0.7147141695,"11":0.7243587971,"12":0.7234103084,"13":0.7251397371,"14":0.7420248389,"15":0.7383481264,"16":0.7316473126,"17":0.7525621653,"18":0.7565313578,"19":0.7496865988},"side_8_jacard":{"0":0.2426430881,"1":0.3390330672,"2":0.4184924662,"3":0.4515972733,"4":0.4842438102,"5":0.4985698164,"6":0.4865663052,"7":0.5118198991,"8":0.5164080858,"9":0.5358284712,"10":0.5644198656,"11":0.5773317218,"12":0.5777193308,"13":0.5800458789,"14":0.5986921787,"15":0.5957847834,"16":0.5868529081,"17":0.6141220331,"18":0.619956851,"19":0.6091205478},"side_8_recall":{"0":0.3167120218,"1":0.5189364552,"2":0.6365219355,"3":0.6552370191,"4":0.6782190204,"5":0.686793983,"6":0.6726682186,"7":0.7103227377,"8":0.6992218494,"9":0.7211826444,"10":0.7424101233,"11":0.758461535,"12":0.7623361945,"13":0.751330018,"14":0.7785172462,"15":0.7618170381,"16":0.7683258653,"17":0.7913241982,"18":0.7907941341,"19":0.7833843827},"side_8_precision":{"0":0.5356338024,"1":0.7222806215,"2":0.7759585381,"3":0.7838523388,"4":0.8169355392,"5":0.8200612068,"6":0.8096360564,"7":0.8241270781,"8":0.8323708177,"9":0.8466216922,"10":0.8642437458,"11":0.8660495877,"12":0.8625814319,"13":0.8718876243,"14":0.8790200949,"15":0.8689955473,"16":0.8708823323,"17":0.8824361563,"18":0.886918366,"19":0.869938612},"side_8_accuracy":{"0":0.6860923767,"1":0.7769566774,"2":0.8206532598,"3":0.8278025389,"4":0.8447402716,"5":0.8479708433,"6":0.8408959508,"7":0.8553901911,"8":0.8552823663,"9":0.865809381,"10":0.8773653507,"11":0.8823991418,"12":0.8823126554,"13":0.8823271394,"14":0.8923020959,"15":0.884305954,"16":0.8867452145,"17":0.8970635533,"18":0.8983972073,"19":0.8906286955},"activation_140_dice_coef":{"0":0.3715929985,"1":0.4194776416,"2":0.4605227113,"3":0.4750757217,"4":0.4884437025,"5":0.4974996448,"6":0.4941039085,"7":0.5068091154,"8":0.5063034296,"9":0.5159157515,"10":0.5281823277,"11":0.5278636217,"12":0.5273388028,"13":0.5276830196,"14":0.5380256772,