{"loss":{"0":3.1549055576,"1":2.3328421116,"2":2.0437464714,"3":2.0449318886,"4":1.8857519627,"5":1.7804729939,"6":1.7492593527,"7":1.7432619333,"8":1.6618614197,"9":1.6409868002,"10":1.6927808523,"11":1.6573137045,"12":1.5277318954,"13":1.5374916792,"14":1.4463959932,"15":1.5205895901,"16":1.4817819595,"17":1.4606311321,"18":1.4547549486,"19":1.420250535},"side_6_loss":{"0":0.5211297274,"1":0.3479795754,"2":0.3184261918,"3":0.3371267319,"4":0.2951286435,"5":0.276940614,"6":0.2661386132,"7":0.2627441287,"8":0.2421282083,"9":0.2409911156,"10":0.2564516664,"11":0.2398397624,"12":0.2075344622,"13":0.2091664374,"14":0.1880659163,"15":0.1992491782,"16":0.1958780289,"17":0.194171682,"18":0.1879357398,"19":0.1795528233},"side_7_loss":{"0":0.5960313678,"1":0.3943929374,"2":0.3450821042,"3":0.3625995517,"4":0.3258908391,"5":0.3062819839,"6":0.3001663089,"7":0.3017715812,"8":0.28418082,"9":0.2779727578,"10":0.2918947935,"11":0.2847442031,"12":0.2536685169,"13":0.2551828623,"14":0.2352452278,"15":0.252897501,"16":0.2451958656,"17":0.2415647209,"18":0.2394071072,"19":0.2342182398},"side_8_loss":{"0":0.6864870787,"1":0.501590848,"2":0.4068546891,"3":0.4010090232,"4":0.3697165549,"5":0.3445363045,"6":0.3425990343,"7":0.3446026444,"8":0.3247329891,"9":0.3211564124,"10":0.3315117955,"11":0.3288432062,"12":0.2993369102,"13":0.3044466376,"14":0.281358391,"15":0.3049502671,"16":0.2896347642,"17":0.2846030593,"18":0.2851378918,"19":0.2760288417},"activation_140_loss":{"0":0.7821074724,"1":0.6766778827,"2":0.613422811,"3":0.5828719735,"4":0.5579065084,"5":0.5372072458,"6":0.5298894048,"7":0.5252427459,"8":0.5142916441,"9":0.5102463961,"10":0.511901021,"11":0.5100936294,"12":0.4941553473,"13":0.4955226779,"14":0.4839550555,"15":0.4945371151,"16":0.4889141917,"17":0.4825266898,"18":0.4857067168,"19":0.4811348319},"add_38_loss":{"0":0.569150269,"1":0.4122005403,"2":0.3599607348,"3":0.3613240719,"4":0.3371089101,"5":0.3155068755,"6":0.3104657829,"7":0.3089007735,"8":0.2965278029,"9":0.2906201482,"10":0.3010217547,"11":0.2937924266,"12":0.2730363309,"13":0.273172766,"14":0.257771343,"15":0.2689554691,"16":0.2621590495,"17":0.2577649653,"18":0.2565677762,"19":0.2493157387},"side_6_dice_coef":{"0":0.5526261926,"1":0.683997035,"2":0.7184056044,"3":0.7026474476,"4":0.7155005336,"5":0.7510994673,"6":0.7576737404,"7":0.7602976561,"8":0.7715987563,"9":0.7793083191,"10":0.7637706995,"11":0.7813309431,"12":0.7958845496,"13":0.7984323502,"14":0.813346982,"15":0.8080296516,"16":0.8129855394,"17":0.8248229027,"18":0.822848022,"19":0.8319926262},"side_6_jacard":{"0":0.3958230019,"1":0.5293306112,"2":0.5691820979,"3":0.5534909964,"4":0.5667687654,"5":0.6118456125,"6":0.6183227301,"7":0.6237363219,"8":0.6361868978,"9":0.64754951,"10":0.6288594007,"11":0.6491833329,"12":0.6706852317,"13":0.6724615693,"14":0.6943432093,"15":0.6876359582,"16":0.6927476525,"17":0.7083947659,"18":0.7070317864,"19":0.7178658843},"side_6_recall":{"0":0.7410877943,"1":0.7338277698,"2":0.7530108094,"3":0.7348998189,"4":0.7589322329,"5":0.7952224612,"6":0.7974469066,"7":0.8015508652,"8":0.8145273328,"9":0.8149728179,"10":0.8063730001,"11":0.8149949312,"12":0.8415209651,"13":0.8528154492,"14":0.8638088703,"15":0.8564192653,"16":0.8494949341,"17":0.8521659374,"18":0.86724931,"19":0.862452805},"side_6_precision":{"0":0.5829744935,"1":0.8147809505,"2":0.8390616179,"3":0.8307002783,"4":0.8653030992,"5":0.869466722,"6":0.8835759163,"7":0.878242135,"8":0.8859798312,"9":0.8948991895,"10":0.8854250908,"11":0.9040032625,"12":0.9022476673,"13":0.8983055949,"14":0.9130033851,"15":0.9024807811,"16":0.9148501754,"17":0.9201740623,"18":0.9051846862,"19":0.924633801},"side_6_accuracy":{"0":0.7414169312,"1":0.8581020236,"2":0.8717240691,"3":0.8640381098,"4":0.8822817206,"5":0.8937656283,"6":0.899184823,"7":0.8985469937,"8":0.90486449,"9":0.9079962373,"10":0.9023492336,"11":0.9110082984,"12":0.918184638,"13":0.9201257229,"14":0.928393662,"15":0.9226185083,"16":0.9247652888,"17":0.9273253083,"18":0.9267248511,"19":0.9318855405},"side_7_dice_coef":{"0":0.4601543844,"1":0.619792819,"2":0.6880329847,"3":0.6813585758,"4":0.6925510168,"5":0.7216230631,"6":0.7315246463,"7":0.7304134965,"8":0.7384290099,"9":0.7475088239,"10":0.735591054,"11":0.7425427437,"12":0.7590124011,"13":0.7608432174,"14":0.7737110853,"15":0.7631673813,"16":0.7684623599,"17":0.779540658,"18":0.7762465477,"19":0.7905133367},"side_7_jacard":{"0":0.3078721166,"1":0.4582222402,"2":0.5325366259,"3":0.5276178122,"4":0.5392028093,"5":0.5745800734,"6":0.5847791433,"7":0.5863307118,"8":0.5931948423,"9":0.6061167717,"10":0.5928257108,"11":0.5991390944,"12":0.6217719316,"13":0.6214168072,"14":0.6403909922,"15":0.6272904277,"16":0.6333425641,"17":0.6478912234,"18":0.644747138,"19":0.6609547734},"side_7_recall":{"0":0.6040468812,"1":0.7226213813,"2":0.7433653474,"3":0.7138497233,"4":0.7298359871,"5":0.7681667805,"6":0.7636107802,"7":0.7635161281,"8":0.7739170194,"9":0.7756227255,"10":0.7716883421,"11":0.7743186355,"12":0.797165215,"13":0.8010600209,"14":0.8192420006,"15":0.8089683652,"16":0.8024595976,"17":0.8139294386,"18":0.8200320005,"19":0.8100602627},"side_7_precision":{"0":0.5191500783,"1":0.7612875104,"2":0.818379283,"3":0.813950181,"4":0.8524805307,"5":0.854865849,"6":0.8684103489,"7":0.8604708314,"8":0.8722295165,"9":0.8826410174,"10":0.8710924387,"11":0.8831117153,"12":0.882676363,"13":0.8879507184,"14":0.897480607,"15":0.8768442869,"16":0.8999210596,"17":0.9054397345,"18":0.8898230195,"19":0.9119224548},"side_7_accuracy":{"0":0.6868867278,"1":0.834841311,"2":0.8618317842,"3":0.8527501225,"4":0.8700730801,"5":0.8812849522,"6":0.8846111298,"7":0.8819262385,"8":0.8887556791,"9":0.8926703334,"10":0.8877537847,"11":0.8924530149,"12":0.8988033533,"13":0.9016767144,"14":0.9100939631,"15":0.9001595974,"16":0.9060169458,"17":0.9111643434,"18":0.9077463746,"19":0.9121130705},"side_8_dice_coef":{"0":0.4417473674,"1":0.5452533364,"2":0.6230095029,"3":0.6402306557,"4":0.6584814191,"5":0.6825678349,"6":0.6934195757,"7":0.695217371,"8":0.7047485113,"9":0.7089630961,"10":0.7028905153,"11":0.7042738795,"12":0.7233623266,"13":0.7231885195,"14":0.7376365066,"15":0.7236915827,"16":0.7326338291,"17":0.7436068058,"18":0.7411897779,"19":0.7532199621},"side_8_jacard":{"0":0.2908883393,"1":0.3828129172,"2":0.4594356418,"3":0.481082052,"4":0.4998726845,"5":0.527320981,"6":0.5388726592,"7":0.5429779887,"8":0.5516409874,"9":0.5585023165,"10":0.5525373816,"11":0.5516354442,"12":0.5764524937,"13":0.5736502409,"14":0.5940454006,"15":0.5775485635,"16":0.5874989629,"17":0.6018939614,"18":0.6001346111,"19":0.6128343344},"side_8_recall":{"0":0.6545525789,"1":0.7343325615,"2":0.7512997389,"3":0.7151083946,"4":0.7176867127,"5":0.7371324301,"6":0.728023231,"7":0.7292912006,"8":0.733602345,"9":0.7324918509,"10":0.7301036716,"11":0.7262411118,"12":0.7602731586,"13":0.747015357,"14":0.781514585,"15":0.7602440715,"16":0.7633283138,"17":0.7827418447,"18":0.7788695693,"19":0.7774633765},"side_8_precision":{"0":0.4453366697,"1":0.632452786,"2":0.7435916662,"3":0.7674579024,"4":0.8089247346,"5":0.8298162818,"6":0.8428751826,"7":0.8369970322,"8":0.8582785726,"9":0.8626004457,"10":0.8528504372,"11":0.8640215397,"12":0.8648520708,"13":0.87699157,"14":0.876488328,"15":0.8585429192,"16":0.8753351569,"17":0.8797206283,"18":0.8706005216,"19":0.8918502927},"side_8_accuracy":{"0":0.6196224093,"1":0.7730813622,"2":0.8335960507,"3":0.8356262445,"4":0.8519250154,"5":0.8643108606,"6":0.866392374,"7":0.86473912,"8":0.8729989529,"9":0.8740964532,"10":0.8702673316,"11":0.8728280663,"12":0.8825026155,"13":0.8827550411,"14":0.8923075199,"15":0.8803775907,"16":0.8868114352,"17":0.8937283754,"18":0.8895933628,"19":0.8961741328},"activation_140_dice_coef":{"0":0.3800289631,"1":0.4366028309,"2":0.4702634215,"3":0.4814781547,"4":0.4933487475,"5":0.5056374669,"6":0.5111696124,"7":0.5140960217,"8":0.5200166702,"9":0.5186706185,"10":0.5166844726,"11":0.5178471804,"12":0.5285320282,"13":0.5275033116,"14":0.5354140997,"15":0.5261775255,