{"loss":{"0":3.0511209965,"1":2.5481262207,"2":2.2955727577,"3":2.1430912018,"4":1.9895563126,"5":2.0139198303,"6":1.8930652142,"7":1.8134021759,"8":1.9005739689,"9":1.7814203501,"10":1.7747091055,"11":1.8109500408,"12":1.7090215683,"13":1.7235873938,"14":1.6533282995,"15":1.6537479162,"16":1.6466264725,"17":1.6245771646,"18":1.6164373159,"19":1.5467664003},"side_6_loss":{"0":0.5051957369,"1":0.463131994,"2":0.44288674,"3":0.430285126,"4":0.4086281657,"5":0.4110756516,"6":0.3898787796,"7":0.375084579,"8":0.3854256868,"9":0.3687834442,"10":0.3670727909,"11":0.3761286438,"12":0.3521456122,"13":0.3533532023,"14":0.3429360986,"15":0.3461725116,"16":0.3435800076,"17":0.3343913555,"18":0.3368330598,"19":0.3172713816},"side_7_loss":{"0":0.5192583799,"1":0.4268243313,"2":0.3938437998,"3":0.3682678342,"4":0.3446933627,"5":0.355945915,"6":0.3321015239,"7":0.3131645322,"8":0.3375526071,"9":0.3081025481,"10":0.3046097457,"11":0.3151977658,"12":0.2937708199,"13":0.2980358601,"14":0.2790603042,"15":0.2764448524,"16":0.2759151161,"17":0.272226274,"18":0.2669805288,"19":0.2486258298},"side_8_loss":{"0":0.7279189229,"1":0.5303242207,"2":0.4497416914,"3":0.4016589224,"4":0.3613752127,"5":0.3642738163,"6":0.3327531517,"7":0.3136181831,"8":0.34142977,"9":0.3018512726,"10":0.3034441769,"11":0.3097809851,"12":0.2859862447,"13":0.291461587,"14":0.2710912228,"15":0.2692845166,"16":0.2694554925,"17":0.2651903331,"18":0.257632345,"19":0.2463614196},"activation_161_loss":{"0":0.7578246593,"1":0.6712403297,"2":0.5957968831,"3":0.5565114021,"4":0.5146770477,"5":0.5161419511,"6":0.4958642423,"7":0.4826481938,"8":0.4913735986,"9":0.4784269929,"10":0.4780611992,"11":0.4798083305,"12":0.4677628875,"13":0.467151314,"14":0.4603479803,"15":0.4603119493,"16":0.4595097601,"17":0.4583245814,"18":0.4609907269,"19":0.4532857537},"add_50_loss":{"0":0.5409228802,"1":0.4566060007,"2":0.4133045673,"3":0.3863674104,"4":0.3601826429,"5":0.3664821982,"6":0.3424676657,"7":0.328886807,"8":0.3447926342,"9":0.3242558837,"10":0.3215212226,"11":0.3300347626,"12":0.3093559444,"13":0.3135858476,"14":0.2998930216,"15":0.3015340865,"16":0.2981664538,"17":0.2944446802,"18":0.2940006256,"19":0.2812220156},"side_6_dice_coef":{"0":0.5263065696,"1":0.5594271421,"2":0.5797546506,"3":0.5898652673,"4":0.6128861904,"5":0.6105579138,"6":0.6290938258,"7":0.6414654851,"8":0.6323033571,"9":0.6500930786,"10":0.6514425874,"11":0.6363713145,"12":0.6636199355,"13":0.6629136801,"14":0.6742309928,"15":0.6629324555,"16":0.6734048128,"17":0.6799635291,"18":0.6696528792,"19":0.6868629456},"side_6_jacard":{"0":0.3615334332,"1":0.392770201,"2":0.4129920006,"3":0.4236540198,"4":0.4457081258,"5":0.4434784949,"6":0.4636966586,"7":0.4782904088,"8":0.4685853124,"9":0.4884650707,"10":0.488494575,"11":0.473323673,"12":0.5037113428,"13":0.5027090907,"14":0.514934659,"15":0.503418684,"16":0.5151353478,"17":0.5216972232,"18":0.5103747845,"19":0.5304441452},"side_6_recall":{"0":0.5575214028,"1":0.5793409944,"2":0.5979656577,"3":0.6023420095,"4":0.6398397684,"5":0.6430928111,"6":0.6536167264,"7":0.669857502,"8":0.667607069,"9":0.7011995316,"10":0.6776809096,"11":0.6875711679,"12":0.6955671906,"13":0.7140239477,"14":0.7122309208,"15":0.7264630198,"16":0.7212078571,"17":0.697324872,"18":0.7230920196,"19":0.7504282594},"side_6_precision":{"0":0.6927288771,"1":0.7386335135,"2":0.7669303417,"3":0.7832300067,"4":0.7915548086,"5":0.7796541452,"6":0.8011122346,"7":0.811234951,"8":0.8022824526,"9":0.7961250544,"10":0.8186622262,"11":0.7967906594,"12":0.827501595,"13":0.8094293475,"14":0.8280049562,"15":0.8094709516,"16":0.820868969,"17":0.8482226133,"18":0.8141537905,"19":0.8253239393},"side_6_accuracy":{"0":0.7739483118,"1":0.7949603796,"2":0.8086930513,"3":0.8150478601,"4":0.8267510533,"5":0.823472321,"6":0.8333054781,"7":0.8407258391,"8":0.8371504545,"9":0.8432309628,"10":0.845176816,"11":0.8401448727,"12":0.8527144194,"13":0.8511885405,"14":0.8572084904,"15":0.8543204069,"16":0.8570578098,"17":0.859916687,"18":0.8551595211,"19":0.8661613464},"side_7_dice_coef":{"0":0.5073459744,"1":0.5938480496,"2":0.6315651536,"3":0.6573656201,"4":0.6779097319,"5":0.6670791507,"6":0.6923424602,"7":0.7016460896,"8":0.6884984374,"9":0.7074255347,"10":0.7114604712,"11":0.6983600259,"12":0.723736167,"13":0.7201737165,"14":0.7330844402,"15":0.7285155058,"16":0.7378195524,"17":0.7432046533,"18":0.7379748821,"19":0.7536295652},"side_7_jacard":{"0":0.3459410369,"1":0.4278026223,"2":0.4683433473,"3":0.497012049,"4":0.5181296468,"5":0.5059543252,"6":0.5355448723,"7":0.548314631,"8":0.5329813957,"9":0.5546237826,"10":0.5584033132,"11":0.5438044071,"12":0.5746587515,"13":0.5697804689,"14":0.5845252872,"15":0.5811943412,"16":0.5916396976,"17":0.5980862975,"18":0.5920650959,"19":0.612343967},"side_7_recall":{"0":0.6083615422,"1":0.6541238427,"2":0.6680268645,"3":0.696077466,"4":0.727116406,"5":0.7102284431,"6":0.7241920233,"7":0.7490352988,"8":0.7219567299,"9":0.7570414543,"10":0.7418017387,"11":0.7528133392,"12":0.7656288147,"13":0.7630163431,"14":0.7704493999,"15":0.7881293297,"16":0.7835139632,"17":0.7687359452,"18":0.7884447575,"19":0.8123110533},"side_7_precision":{"0":0.6404036283,"1":0.763623178,"2":0.8056178093,"3":0.81873703,"4":0.8287578821,"5":0.8200643063,"6":0.8450207114,"7":0.849760592,"8":0.8375304341,"9":0.8435601592,"10":0.8587255478,"11":0.8492991924,"12":0.863699317,"13":0.8517424464,"14":0.8706846833,"15":0.8622893095,"16":0.8730426431,"17":0.8800389171,"18":0.8767874241,"19":0.8751790524},"side_7_accuracy":{"0":0.7597035766,"1":0.8202935457,"2":0.8383838534,"3":0.8498957157,"4":0.8613348603,"5":0.8539666533,"6":0.8660858274,"7":0.8743545413,"8":0.8629835844,"9":0.8743684292,"10":0.8753897548,"11":0.8752160668,"12":0.8835963011,"13":0.8788110018,"14":0.8872721195,"15":0.8893174529,"16":0.8917142153,"17":0.8898695707,"18":0.894359231,"19":0.9005234838},"side_8_dice_coef":{"0":0.4431636333,"1":0.5141018629,"2":0.5721192956,"3":0.6130211353,"4":0.6535127163,"5":0.6528026462,"6":0.6821894646,"7":0.698153615,"8":0.6845193505,"9":0.7111152411,"10":0.7112720609,"11":0.7064479589,"12":0.7303525209,"13":0.7283726931,"14":0.7405506372,"15":0.7349435091,"16":0.7463784814,"17":0.7495100498,"18":0.7457095981,"19":0.7571247816},"side_8_jacard":{"0":0.2926800549,"1":0.3542275429,"2":0.4088253081,"3":0.4501976967,"4":0.4922756553,"5":0.4919849932,"6":0.5257030725,"7":0.54601717,"8":0.5297375917,"9":0.5595093369,"10":0.5598068237,"11":0.5547660589,"12":0.585031569,"13":0.5813337564,"14":0.5950311422,"15":0.5909954309,"16":0.6039544344,"17":0.6075971127,"18":0.6032636762,"19":0.6179431677},"side_8_recall":{"0":0.722305119,"1":0.7511914968,"2":0.7447909117,"3":0.7539509535,"4":0.7686393857,"5":0.7454971075,"6":0.7585492134,"7":0.7777578831,"8":0.7423868179,"9":0.7803773284,"10":0.7633554935,"11":0.7696136236,"12":0.7884265184,"13":0.7795152068,"14":0.7909932137,"15":0.7966514826,"16":0.7991056442,"17":0.7936599851,"18":0.8075987101,"19":0.8189429045},"side_8_precision":{"0":0.4324255586,"1":0.6057516336,"2":0.6975014806,"3":0.7487671375,"4":0.7840373516,"5":0.7920209765,"6":0.8266702294,"7":0.8350622654,"8":0.8271909952,"9":0.8521593809,"10":0.8608213067,"11":0.8489727378,"12":0.8644971848,"13":0.8602502346,"14":0.8784384131,"15":0.872410059,"16":0.8759476542,"17":0.8841048479,"18":0.8813850284,"19":0.88145262},"side_8_accuracy":{"0":0.5983012915,"1":0.7582378387,"2":0.8105083704,"3":0.8364620209,"4":0.8547943234,"5":0.852440238,"6":0.8687499762,"7":0.8768236637,"8":0.8647491336,"9":0.8836570978,"10":0.8820005059,"11":0.8796306849,"12":0.8901645541,"13":0.8862430453,"14":0.8956326842,"15":0.8951767087,"16":0.8970756531,"17":0.8982833624,"18":0.9013288021,"19":0.9045695066},"activation_161_dice_coef":{"0":0.3955577314,"1":0.4363103807,"2":0.479195267,"3":0.4975506663,"4":0.5209240913,"5":0.5180758238,"6":0.5314586163,"7":0.5390660763,"8":0.5299098492,"9":0.539511025,"10":0.537147522,"11":0.5352723598,"12":0.5462192893,"13":0.5463176966,"14":0.5503966808,"15":0.547565341,