{"loss":{"0":2.9264800549,"1":2.1823058128,"2":2.0513534546,"3":1.810659647,"4":1.8430007696,"5":1.7435413599,"6":1.6989662647,"7":1.6610860825,"8":1.6856542826,"9":1.6611242294,"10":1.5106127262,"11":1.5549768209,"12":1.4269282818,"13":1.3755648136,"14":1.4102418423,"15":1.3228449821,"16":1.3161791563,"17":1.2841624022,"18":1.2895338535,"19":1.2450908422},"side_6_loss":{"0":0.5078653097,"1":0.3426584899,"2":0.3419716656,"3":0.289904058,"4":0.3048665822,"5":0.2788877487,"6":0.2674283385,"7":0.2572996616,"8":0.2607333064,"9":0.2560011744,"10":0.2247315347,"11":0.2318452597,"12":0.2084553242,"13":0.1931701303,"14":0.2018529922,"15":0.1815009415,"16":0.1809523106,"17":0.1734511852,"18":0.1795257777,"19":0.1734196991},"side_7_loss":{"0":0.5207177401,"1":0.3584577441,"2":0.3596888781,"3":0.3112523854,"4":0.3263308406,"5":0.3062718213,"6":0.2970795929,"7":0.2905184627,"8":0.2989581525,"9":0.2911489308,"10":0.2536861598,"11":0.2657065392,"12":0.2346809208,"13":0.2228867263,"14":0.231202051,"15":0.2089573145,"16":0.2077786475,"17":0.1999057829,"18":0.2009462565,"19":0.1927912682},"side_8_loss":{"0":0.5953387022,"1":0.4350515008,"2":0.3958396018,"3":0.344925344,"4":0.3523396552,"5":0.3329296708,"6":0.3238603175,"7":0.3175276518,"8":0.3258663714,"9":0.3200783134,"10":0.2820450664,"11":0.2949942648,"12":0.2612733245,"13":0.2505034208,"14":0.2597091794,"15":0.2367827445,"16":0.2363548279,"17":0.22739169,"18":0.2274623215,"19":0.2140675783},"activation_1286_loss":{"0":0.7773205042,"1":0.6587878466,"2":0.5877871513,"3":0.5412355661,"4":0.5285733342,"5":0.5138813257,"6":0.5036047697,"7":0.4976411462,"8":0.4970495105,"9":0.4959583282,"10":0.4779012799,"11":0.4837494791,"12":0.466381371,"13":0.4615849555,"14":0.4663356245,"15":0.4569959044,"16":0.4556204677,"17":0.4529326558,"18":0.4516819417,"19":0.4433786869},"add_428_loss":{"0":0.5252383947,"1":0.387350142,"2":0.3660662472,"3":0.3233418763,"4":0.3308901191,"5":0.3115707636,"6":0.3069934845,"7":0.2980992496,"8":0.3030472994,"9":0.2979379296,"10":0.2722486258,"11":0.2786810696,"12":0.2561372817,"13":0.2474198341,"14":0.251142025,"15":0.2386080772,"16":0.2354726344,"17":0.2304812223,"18":0.2299173325,"19":0.2214335948},"side_6_dice_coef":{"0":0.5381550789,"1":0.6800388098,"2":0.6881688237,"3":0.7425661087,"4":0.7291998863,"5":0.7531052828,"6":0.7488306761,"7":0.7662271857,"8":0.7569788694,"9":0.7674218416,"10":0.7866595984,"11":0.7858486176,"12":0.8079371452,"13":0.8157066107,"14":0.8125981092,"15":0.819509387,"16":0.8220157623,"17":0.8301877975,"18":0.8306879997,"19":0.8409109116},"side_6_jacard":{"0":0.3770723343,"1":0.5250161886,"2":0.5337090492,"3":0.5995163321,"4":0.5837702751,"5":0.6114979982,"6":0.6064807177,"7":0.6289952993,"8":0.617444098,"9":0.6306511164,"10":0.6558744907,"11":0.6572592854,"12":0.684181273,"13":0.6939257383,"14":0.6911298037,"15":0.7006400228,"16":0.7047218084,"17":0.7158559561,"18":0.7169889212,"19":0.7306634784},"side_6_recall_10":{"0":0.6202791929,"1":0.7336310744,"2":0.7334025502,"3":0.782238245,"4":0.7579427958,"5":0.7757193446,"6":0.7910358906,"7":0.7923667431,"8":0.8022465706,"9":0.7808969021,"10":0.8234817982,"11":0.8291967511,"12":0.8366371393,"13":0.8593975902,"14":0.8392348289,"15":0.8747630715,"16":0.8616666794,"17":0.8713943958,"18":0.8687900901,"19":0.881421268},"side_6_precision_10":{"0":0.6619062424,"1":0.8242638707,"2":0.8366371393,"3":0.8573477864,"4":0.8677520156,"5":0.8813484311,"6":0.8765192032,"7":0.8903427124,"8":0.8813946843,"9":0.9017863274,"10":0.9065992832,"11":0.8916569352,"12":0.9107925296,"13":0.911487639,"14":0.9228339195,"15":0.9059370756,"16":0.9236323237,"17":0.9203374386,"18":0.9197514653,"19":0.9188809991},"side_6_accuracy":{"0":0.7717277408,"1":0.8614470363,"2":0.8657005429,"3":0.8859816194,"4":0.8828181028,"5":0.892275393,"6":0.8949985504,"7":0.8999729156,"8":0.8998140693,"9":0.9003245234,"10":0.9143491387,"11":0.9110060334,"12":0.9196085334,"13":0.9265727997,"14":0.9243166447,"15":0.9291923642,"16":0.9313177466,"17":0.9331352115,"18":0.9321585298,"19":0.9356393218},"side_7_dice_coef":{"0":0.4789862633,"1":0.6586822271,"2":0.6741248965,"3":0.7220314741,"4":0.7092140913,"5":0.7260755301,"6":0.7277246118,"7":0.735378623,"8":0.7300533652,"9":0.7313889265,"10":0.7624286413,"11":0.758633852,"12":0.7828583121,"13":0.7932590246,"14":0.7898547053,"15":0.7979007959,"16":0.8019028902,"17":0.8093496561,"18":0.8163381815,"19":0.8263389468},"side_7_jacard":{"0":0.3230855763,"1":0.500372529,"2":0.5178483725,"3":0.5735915899,"4":0.559676528,"5":0.578345418,"6":0.5802744627,"7":0.5900931954,"8":0.584345758,"9":0.5862126946,"10":0.6251465082,"11":0.6226066351,"12":0.6505557299,"13":0.6640405655,"14":0.6604118943,"15":0.6713637114,"16":0.6781123877,"17":0.6869190335,"18":0.6973971128,"19":0.7107309103},"side_7_recall_10":{"0":0.506279707,"1":0.7349002361,"2":0.7239611745,"3":0.760240972,"4":0.734513402,"5":0.7479861379,"6":0.7648947239,"7":0.7612668276,"8":0.7709328532,"9":0.7511774898,"10":0.7966751456,"11":0.8017561436,"12":0.8153604269,"13":0.8309210539,"14":0.817255795,"15":0.848936975,"16":0.8434644938,"17":0.8482579589,"18":0.8552436233,"19":0.8687400222},"side_7_precision_10":{"0":0.6707975864,"1":0.8069905639,"2":0.8187755346,"3":0.8518020511,"4":0.8533701897,"5":0.869538486,"6":0.8607726097,"7":0.8765181899,"8":0.8661203384,"9":0.8906804323,"10":0.9000071287,"11":0.8895241618,"12":0.9050377011,"13":0.9090450406,"14":0.9176543951,"15":0.9022122025,"16":0.9207952023,"17":0.9185492396,"18":0.9171097279,"19":0.9191064835},"side_7_accuracy":{"0":0.7567735314,"1":0.8555201292,"2":0.8570242524,"3":0.8780802488,"4":0.8716350794,"5":0.8806327581,"6":0.8824068904,"7":0.8866167665,"8":0.8858778477,"9":0.8882418275,"10":0.9043598175,"11":0.9023994207,"12":0.9114532471,"13":0.9173440337,"14":0.9160779119,"15":0.9203395844,"16":0.924923718,"17":0.9256212711,"18":0.9272286892,"19":0.9319263697},"side_8_dice_coef":{"0":0.4347323477,"1":0.5706428289,"2":0.6231789589,"3":0.6786174178,"4":0.6784545183,"5":0.6941595078,"6":0.7025300264,"7":0.7097908258,"8":0.7074688673,"9":0.7055864334,"10":0.737324357,"11":0.733282268,"12":0.7590934634,"13":0.7709361911,"14":0.7655192614,"15":0.7761865258,"16":0.7790606022,"17":0.7856179476,"18":0.7943502069,"19":0.8056055307},"side_8_jacard":{"0":0.2836198509,"1":0.4067577422,"2":0.4612046778,"3":0.5211237073,"4":0.5222174525,"5":0.5397239327,"6":0.5489358902,"7":0.558103919,"8":0.5564142466,"9":0.5542291403,"10":0.5927808285,"11":0.5897781253,"12":0.6191156507,"13":0.63430655,"14":0.6283013225,"15":0.6421228051,"16":0.6481892467,"17":0.6546917558,"18":0.6670171618,"19":0.6819278002},"side_8_recall_10":{"0":0.5234152079,"1":0.6969678998,"2":0.7156989574,"3":0.7491633892,"4":0.7194319367,"5":0.7267808318,"6":0.7384900451,"7":0.7373128533,"8":0.7425606251,"9":0.7236018777,"10":0.7757763267,"11":0.7722039819,"12":0.7915996313,"13":0.8062814474,"14":0.7940018177,"15":0.8247765303,"16":0.8166450858,"17":0.8283427358,"18":0.8314518332,"19":0.851185441},"side_8_precision_10":{"0":0.5366954207,"1":0.7352119684,"2":0.7683524489,"3":0.8190705776,"4":0.8265628815,"5":0.850630939,"6":0.8521963954,"7":0.8595865965,"8":0.8564569354,"9":0.876978457,"10":0.8882024288,"11":0.8781205416,"12":0.8946140409,"13":0.9008165598,"14":0.9069860578,"15":0.8963752985,"16":0.9131561518,"17":0.9094350934,"18":0.9131204486,"19":0.9144275188},"side_8_accuracy":{"0":0.695738852,"1":0.8184292912,"2":0.83611691,"3":0.8635634184,"4":0.8585814238,"5":0.8686376214,"6":0.8723237514,"7":0.8744425178,"8":0.8748468757,"9":0.8761541843,"10":0.8945175409,"11":0.8902229071,"12":0.9011436701,"13":0.9074220061,"14":0.905805707,"15":0.9113291502,"16":0.9144591093,"17":0.916711688,"18":0.9188383818,"19":0.925126791},"activation_1286_dice_coef":{"0":0.3804029822,"1":0.4461793303,"2":0.4746744037,"3":0.5077239275,"4":0.5114578009,"5":0.5198553801,"6":0.526574254,"7":0.5279343128,"8":0.5278437734,"9":0.5254915953,"10":0.5413161516,"11":0.5337045193,"12":0.5497285128,"13":0.5519839525,