{"loss":{"0":3.2825942039,"1":2.4387047291,"2":2.1286048889,"3":1.9813802242,"4":1.8677984476,"5":1.8226468563,"6":1.6472129822,"7":1.6724805832,"8":1.6358801126,"9":1.6179153919,"10":1.5867693424,"11":1.4801260233,"12":1.4333474636,"13":1.4207527637,"14":1.4435372353,"15":1.3114008904,"16":1.3955825567,"17":1.285572052,"18":1.2516305447,"19":1.2253996134},"side_6_loss":{"0":0.6107215285,"1":0.3871016204,"2":0.348372817,"3":0.327426523,"4":0.3054998517,"5":0.2993795276,"6":0.2536020875,"7":0.2605777681,"8":0.256870687,"9":0.2456026822,"10":0.2443343848,"11":0.2199689448,"12":0.2083767205,"13":0.2018860579,"14":0.2132138461,"15":0.1785126776,"16":0.2004502267,"17":0.1728936732,"18":0.1678641587,"19":0.1637046486},"side_7_loss":{"0":0.6805206537,"1":0.43107301,"2":0.3627808988,"3":0.3390856385,"4":0.3224526048,"5":0.3140149713,"6":0.275793463,"7":0.2834632993,"8":0.2734532356,"9":0.2701297402,"10":0.2601805329,"11":0.239416644,"12":0.2256906778,"13":0.2243223488,"14":0.2299408466,"15":0.1986228675,"16":0.2174079865,"17":0.1931566894,"18":0.1841469556,"19":0.178379178},"side_8_loss":{"0":0.6519004107,"1":0.522051692,"2":0.4348388612,"3":0.3931153715,"4":0.3628005385,"5":0.3508214056,"6":0.3099012673,"7":0.3190012574,"8":0.3080470562,"9":0.3077373207,"10":0.2999665141,"11":0.2717712522,"12":0.2593293786,"13":0.2578943074,"14":0.2593432069,"15":0.2262274325,"16":0.2508381605,"17":0.2227398455,"18":0.210271433,"19":0.2040764987},"activation_64_loss":{"0":0.7417851686,"1":0.6600353718,"2":0.6012666225,"3":0.5639155507,"4":0.5414251089,"5":0.5310612917,"6":0.5113960505,"7":0.5104545355,"8":0.504804194,"9":0.5052550435,"10":0.4983948767,"11":0.4859016836,"12":0.4843676984,"13":0.4844492376,"14":0.4849287868,"15":0.4729927182,"16":0.4802300334,"17":0.4681681991,"18":0.4661423266,"19":0.4623994231},"add_26_loss":{"0":0.597084105,"1":0.4378599226,"2":0.3807628751,"3":0.3572542071,"4":0.3350376785,"5":0.3267869651,"6":0.2959371507,"7":0.2984009087,"8":0.2921219468,"9":0.2886077762,"10":0.283310473,"11":0.2624851167,"12":0.2550004125,"13":0.2516183257,"14":0.2555277348,"15":0.2344622314,"16":0.246073395,"17":0.2280308008,"18":0.2226225436,"19":0.2162566632},"side_6_dice_coef":{"0":0.5382370949,"1":0.6590214968,"2":0.6937884092,"3":0.7025375366,"4":0.7235870957,"5":0.7309349775,"6":0.7648035288,"7":0.7656959891,"8":0.7655085325,"9":0.7713255286,"10":0.7831037045,"11":0.8052757382,"12":0.810780406,"13":0.8141430616,"14":0.81143713,"15":0.823885262,"16":0.8231092691,"17":0.8387393951,"18":0.8418121338,"19":0.8510951996},"side_6_jacard":{"0":0.3806133568,"1":0.5022569895,"2":0.540856719,"3":0.5503586531,"4":0.5782779455,"5":0.5843240023,"6":0.6273521781,"7":0.6281591654,"8":0.6319340467,"9":0.6375649571,"10":0.6505938768,"11":0.6809670925,"12":0.688088119,"13":0.6937544346,"14":0.6903413534,"15":0.7089216113,"16":0.7062624097,"17":0.7280446887,"18":0.7305184603,"19":0.745988965},"side_6_recall":{"0":0.7816379666,"1":0.7201455235,"2":0.7171473503,"3":0.7354135513,"4":0.7572470903,"5":0.7583133578,"6":0.8065231442,"7":0.7938566804,"8":0.8122249246,"9":0.8207083344,"10":0.8023385406,"11":0.8340595961,"12":0.8478800058,"13":0.8540505171,"14":0.8457739353,"15":0.8735210896,"16":0.8475750685,"17":0.8751336336,"18":0.8780758977,"19":0.8887588382},"side_6_precision":{"0":0.4996337891,"1":0.7920256257,"2":0.8442503214,"3":0.8424696922,"4":0.8569359779,"5":0.8712088466,"6":0.8825372458,"7":0.8874335885,"8":0.8727552295,"9":0.8853794336,"10":0.9003894329,"11":0.9047389627,"12":0.9078574181,"13":0.9098568559,"14":0.902641654,"15":0.9142718911,"16":0.9198813438,"17":0.9229772091,"18":0.924289763,"19":0.9220366478},"side_6_accuracy":{"0":0.6719070673,"1":0.8463155031,"2":0.8639467955,"3":0.8682252169,"4":0.8790152073,"5":0.884057343,"6":0.9014152288,"7":0.8994432092,"8":0.8996546268,"9":0.9064235687,"10":0.9061336517,"11":0.9168385863,"12":0.9219458103,"13":0.9244402647,"14":0.9195615053,"15":0.9317082763,"16":0.925855279,"17":0.9351457953,"18":0.9364722967,"19":0.9389165044},"side_7_dice_coef":{"0":0.4836034775,"1":0.6055312157,"2":0.6656833887,"3":0.6896437407,"4":0.7073050737,"5":0.7204376459,"6":0.7457717061,"7":0.7484818101,"8":0.7478390932,"9":0.7505249977,"10":0.7638822794,"11":0.7911784649,"12":0.7940955162,"13":0.7955762148,"14":0.7973715067,"15":0.8095692396,"16":0.8063397408,"17":0.8254394531,"18":0.8285635114,"19":0.8376973867},"side_7_jacard":{"0":0.328186065,"1":0.4436569214,"2":0.5080230832,"3":0.5348595381,"4":0.5583259463,"5":0.5714315176,"6":0.6024998426,"7":0.6060379744,"8":0.609439075,"9":0.6108199358,"10":0.6256901622,"11":0.6622515917,"12":0.6646615267,"13":0.6687232256,"14":0.6714984775,"15":0.688998282,"16":0.6838658452,"17":0.7091295719,"18":0.7125171423,"19":0.7267211676},"side_7_recall":{"0":0.7758054733,"1":0.7394011021,"2":0.7124750018,"3":0.7180576324,"4":0.7290883064,"5":0.7342119217,"6":0.7761092782,"7":0.7649117708,"8":0.7912252545,"9":0.7922181487,"10":0.7831504345,"11":0.8128884435,"12":0.8240292668,"13":0.8352348804,"14":0.8303366899,"15":0.8516212106,"16":0.8340860009,"17":0.8619557619,"18":0.8600114584,"19":0.8763670921},"side_7_precision":{"0":0.4404375553,"1":0.6994552612,"2":0.8259846568,"3":0.8493216634,"4":0.8615424037,"5":0.8776589036,"6":0.8880857229,"7":0.8856675625,"8":0.8772347569,"9":0.8846299648,"10":0.9044393897,"11":0.9051587582,"12":0.9143257141,"13":0.9087301493,"14":0.9034585357,"15":0.9163994789,"16":0.9211147428,"17":0.9214347005,"18":0.9287900925,"19":0.9282705188},"side_7_accuracy":{"0":0.6035169959,"1":0.8104784489,"2":0.8565821052,"3":0.8658543825,"4":0.8728185296,"5":0.8793562651,"6":0.8945752382,"7":0.890597403,"8":0.8952931762,"9":0.8980471492,"10":0.901817441,"11":0.9107674956,"12":0.9170271754,"13":0.9185119867,"14":0.9153206944,"15":0.9259129763,"16":0.9222175479,"17":0.9306752682,"18":0.9325147271,"19":0.9372907281},"side_8_dice_coef":{"0":0.4028159976,"1":0.4914471507,"2":0.5734772086,"3":0.6186330914,"4":0.6488602161,"5":0.6706634164,"6":0.7020175457,"7":0.7047148943,"8":0.7082957029,"9":0.712453723,"10":0.7249639034,"11":0.7534005642,"12":0.7563011646,"13":0.7568372488,"14":0.7606879473,"15":0.776663661,"16":0.7702683806,"17":0.7914713025,"18":0.7964244485,"19":0.8049938083},"side_8_jacard":{"0":0.258082211,"1":0.3322955966,"2":0.408675909,"3":0.4545865059,"4":0.4890167713,"5":0.5116291046,"6":0.5475405455,"7":0.5515508652,"8":0.5598853827,"9":0.5632228255,"10":0.5773268342,"11":0.612649858,"12":0.6152027845,"13":0.6188963652,"14":0.6247285604,"15":0.6461541057,"16":0.6375456452,"17":0.6639553905,"18":0.670124054,"19":0.6828497052},"side_8_recall":{"0":0.4803317487,"1":0.6410480142,"2":0.6923102736,"3":0.6944823265,"4":0.704775393,"5":0.7010528445,"6":0.7351128459,"7":0.7235471606,"8":0.7506117821,"9":0.7490876913,"10":0.7472136021,"11":0.7744066715,"12":0.788934052,"13":0.8058030009,"14":0.8044900298,"15":0.8328692317,"16":0.8164743781,"17":0.8425239921,"18":0.8432495594,"19":0.8589541316},"side_8_precision":{"0":0.4390446544,"1":0.605185926,"2":0.7143133283,"3":0.7707483768,"4":0.808406651,"5":0.8471108079,"6":0.8711326122,"7":0.8709749579,"8":0.8631452918,"9":0.8719139695,"10":0.8900140524,"11":0.9002744555,"12":0.9053627849,"13":0.8954627514,"14":0.8953297138,"15":0.9074311852,"16":0.9016237855,"17":0.9125191569,"18":0.9227904677,"19":0.922588408},"side_8_accuracy":{"0":0.6285732388,"1":0.7453104854,"2":0.8084241152,"3":0.8321809173,"4":0.8485102057,"5":0.8605642915,"6":0.8775539398,"7":0.8742750883,"8":0.8792687654,"9":0.8817088008,"10":0.8868963718,"11":0.8979566097,"12":0.9038041234,"13":0.9055297971,"14":0.9051059484,"15":0.9173845649,"16":0.9106605649,"17":0.9219224453,"18":0.9255082607,"19":0.9301574826},"activation_64_dice_coef":{"0":0.4018477499,"1":0.4402186871,"2":0.4698265195,"3":0.4872826636,"4":0.4997759759,"5":0.5045393109,"6":0.5183653235,"7":0.5164387822,"8":0.5190504193,"9":0.5168672204,"10":0.5235799551,"11":0.5339567661,"12":0.5319283605,"13":0.5301920176,"14":0.5306062698,