{"loss":{"0":3.2030651569,"1":2.4124565125,"2":2.1067652702,"3":1.9321972132,"4":1.9633562565,"5":1.7937602997,"6":1.6788049936,"7":1.8681453466,"8":1.6160953045,"9":1.6577297449,"10":1.5678297281,"11":1.5061590672,"12":1.5308358669,"13":1.4587203264,"14":1.459444046,"15":1.3706841469,"16":1.4286282063,"17":1.3522619009,"18":1.336507678,"19":1.3094674349},"side_6_loss":{"0":0.5130500793,"1":0.3532602191,"2":0.3370594978,"3":0.3176192939,"4":0.336422652,"5":0.2947769463,"6":0.2719116211,"7":0.3206525445,"8":0.2597056627,"9":0.2698705494,"10":0.2480121404,"11":0.2309716046,"12":0.2358416021,"13":0.2233752459,"14":0.2221138179,"15":0.2038558424,"16":0.2165787965,"17":0.2019114494,"18":0.1962967217,"19":0.1889184415},"side_7_loss":{"0":0.5648636818,"1":0.3797901273,"2":0.3495523036,"3":0.3313358724,"4":0.3534564972,"5":0.3153254986,"6":0.2878778577,"7":0.3420577347,"8":0.2775140405,"9":0.2909060419,"10":0.2696873844,"11":0.2511806786,"12":0.2563017309,"13":0.2382462919,"14":0.2404999733,"15":0.2191372663,"16":0.2340076417,"17":0.2146508694,"18":0.2129868269,"19":0.2037390769},"side_8_loss":{"0":0.7882198095,"1":0.5898832679,"2":0.4638806283,"3":0.3953503072,"4":0.3874588609,"5":0.3485684097,"6":0.3174598217,"7":0.3590427041,"8":0.2993954718,"9":0.3091567755,"10":0.2870556116,"11":0.276006937,"12":0.2810000777,"13":0.2620125413,"14":0.2597629428,"15":0.2376787215,"16":0.2522675395,"17":0.2309532911,"18":0.224969551,"19":0.2213104665},"activation_64_loss":{"0":0.7738607526,"1":0.6722512245,"2":0.5884085894,"3":0.5455189347,"4":0.5342410803,"5":0.5127325654,"6":0.4995563924,"7":0.5126153231,"8":0.4885289669,"9":0.491299063,"10":0.4807698131,"11":0.4778086245,"12":0.483409971,"13":0.4743619561,"14":0.4755345881,"15":0.464649111,"16":0.4728251994,"17":0.4645838737,"18":0.4635125101,"19":0.4621209502},"add_26_loss":{"0":0.5624745488,"1":0.4166755676,"2":0.3672677577,"3":0.3417767882,"4":0.3511808515,"5":0.3217611909,"6":0.3014035225,"7":0.3331813216,"8":0.2903553545,"9":0.2959020138,"10":0.2817088664,"11":0.2695957422,"12":0.2736869454,"13":0.2601287961,"14":0.2609371841,"15":0.2447677404,"16":0.2523532808,"17":0.239566654,"18":0.2381465435,"19":0.2327830791},"side_6_dice_coef":{"0":0.5262544155,"1":0.6936380267,"2":0.7194615602,"3":0.7257564068,"4":0.7071785331,"5":0.734854579,"6":0.753547132,"7":0.7205555439,"8":0.7606426477,"9":0.7648963332,"10":0.7758322954,"11":0.7866933346,"12":0.7812863588,"13":0.7974995375,"14":0.7952293754,"15":0.8093755841,"16":0.8064035177,"17":0.8202527165,"18":0.8157399297,"19":0.827614665},"side_6_jacard":{"0":0.3671552241,"1":0.5422528982,"2":0.5715333223,"3":0.5817292333,"4":0.5579687357,"5":0.591769278,"6":0.6136193871,"7":0.573395431,"8":0.6250576377,"9":0.6299981475,"10":0.6416431069,"11":0.6593945026,"12":0.6495915651,"13":0.6702333093,"14":0.668394208,"15":0.6890674829,"16":0.6857128143,"17":0.7030496597,"18":0.696752429,"19":0.7133905292},"side_6_recall":{"0":0.5449755788,"1":0.7377420068,"2":0.7345936894,"3":0.7585892081,"4":0.7395380735,"5":0.7767890692,"6":0.8042967916,"7":0.7433285117,"8":0.8034555912,"9":0.7968719006,"10":0.8148311973,"11":0.8425957561,"12":0.8100249171,"13":0.846993804,"14":0.8346226215,"15":0.8557709455,"16":0.836640656,"17":0.8569015861,"18":0.8552746773,"19":0.867267549},"side_6_precision":{"0":0.6775403619,"1":0.8163461089,"2":0.8478394151,"3":0.8432359099,"4":0.8340318799,"5":0.8538969755,"6":0.861823082,"7":0.8536286354,"8":0.8775854111,"9":0.8829634786,"10":0.8805850744,"11":0.8828356862,"12":0.9023573399,"13":0.892568469,"14":0.9010064602,"15":0.8980953693,"16":0.9054077268,"17":0.9100128412,"18":0.910169661,"19":0.9089484811},"side_6_accuracy":{"0":0.7658809423,"1":0.8596621156,"2":0.8698166013,"3":0.8746682405,"4":0.8664137721,"5":0.8832930326,"6":0.8936042786,"7":0.874113977,"8":0.8988602757,"9":0.8988161683,"10":0.9031047821,"11":0.9117692113,"12":0.9090169072,"13":0.9164476991,"14":0.9157512784,"15":0.9209115505,"16":0.9178192019,"17":0.9253349304,"18":0.9249075651,"19":0.9280303717},"side_7_dice_coef":{"0":0.4501679838,"1":0.6432882547,"2":0.6983892322,"3":0.7127681375,"4":0.6994935274,"5":0.7171671391,"6":0.7409337759,"7":0.7101336122,"8":0.743714869,"9":0.7498877048,"10":0.7582234144,"11":0.7709738016,"12":0.7641883492,"13":0.783167243,"14":0.7784655094,"15":0.7991940975,"16":0.7924932241,"17":0.8090647459,"18":0.8042834401,"19":0.8164007068},"side_7_jacard":{"0":0.2968061268,"1":0.483039856,"2":0.5457028747,"3":0.5653617382,"4":0.5495447516,"5":0.5695326924,"6":0.5973600745,"7":0.5616132617,"8":0.603264451,"9":0.6109953523,"10":0.6183568835,"11":0.6389364004,"12":0.6279533505,"13":0.6512445211,"14":0.6463232636,"15":0.6761416197,"16":0.6671919227,"17":0.6876401305,"18":0.6815897226,"19":0.6978071928},"side_7_recall":{"0":0.4215355217,"1":0.7078328729,"2":0.7313111424,"3":0.7437413335,"4":0.7229903936,"5":0.7484726906,"6":0.7820368409,"7":0.7236045599,"8":0.7807525396,"9":0.7755059004,"10":0.7856414318,"11":0.8192187548,"12":0.7958215475,"13":0.8327780366,"14":0.8175212145,"15":0.8495131731,"16":0.8286364675,"17":0.841953218,"18":0.8453715444,"19":0.8558954597},"side_7_precision":{"0":0.6360072494,"1":0.7940148115,"2":0.838914454,"3":0.8458744884,"4":0.8320800066,"5":0.8545200229,"6":0.8640546203,"7":0.8525077105,"8":0.8797537088,"9":0.8739036918,"10":0.8807839751,"11":0.8795866966,"12":0.8966872096,"13":0.8910737038,"14":0.8973019123,"15":0.8955584168,"16":0.9020846486,"17":0.9123771787,"18":0.9057321548,"19":0.9108806849},"side_7_accuracy":{"0":0.7313657403,"1":0.8440737128,"2":0.8659266233,"3":0.8716086149,"4":0.8614035249,"5":0.875810504,"6":0.8882468939,"7":0.8683931828,"8":0.893176496,"9":0.8897582889,"10":0.8949020505,"11":0.9040015936,"12":0.9030382633,"13":0.9118367434,"14":0.9095349908,"15":0.9182153344,"16":0.914365232,"17":0.9217062593,"18":0.920491159,"19":0.9253314734},"side_8_dice_coef":{"0":0.4462677836,"1":0.5246508121,"2":0.5879122615,"3":0.6304174662,"4":0.6405582428,"5":0.6668428183,"6":0.6977529526,"7":0.675981462,"8":0.7118803263,"9":0.7212551236,"10":0.7304360271,"11":0.7415471077,"12":0.7348483205,"13":0.7546902299,"14":0.7509676218,"15":0.7736395597,"16":0.7665563226,"17":0.7835394144,"18":0.7823960185,"19":0.7917968035},"side_8_jacard":{"0":0.2953750491,"1":0.3657211661,"2":0.4253376126,"3":0.4704523683,"4":0.4818274975,"5":0.5102548599,"6":0.5445436239,"7":0.5210801363,"8":0.5636896491,"9":0.5749300718,"10":0.5832763314,"11":0.6009346843,"12":0.5915561914,"13":0.6147612929,"14":0.6110098362,"15":0.6417714953,"16":0.6330388188,"17":0.6537607908,"18":0.6526895761,"19":0.664111495},"side_8_recall":{"0":0.7905687094,"1":0.8323531747,"2":0.7976028919,"3":0.7705914378,"4":0.7301607132,"5":0.7340357304,"6":0.7577619553,"7":0.7094652057,"8":0.7483097315,"9":0.7481285334,"10":0.7607760429,"11":0.7863025665,"12":0.7658033967,"13":0.8027486205,"14":0.7885433435,"15":0.822681725,"16":0.8093067408,"17":0.8209927082,"18":0.8319360614,"19":0.8398227096},"side_8_precision":{"0":0.3864318728,"1":0.5080007911,"2":0.6209241152,"3":0.7188487649,"4":0.7627850175,"5":0.8152478337,"6":0.8447976708,"7":0.8387085795,"8":0.8832207918,"9":0.874083519,"10":0.8847692013,"11":0.8795081973,"12":0.8936808109,"13":0.8890427947,"14":0.8975052834,"15":0.8989275098,"16":0.8977224231,"17":0.9114850163,"18":0.9040849805,"19":0.9066941738},"side_8_accuracy":{"0":0.5199990869,"1":0.6808747649,"2":0.7740926147,"3":0.826048553,"4":0.8371543884,"5":0.8583238125,"6":0.874992013,"7":0.8600739837,"8":0.8850919008,"9":0.8821385503,"10":0.8891311884,"11":0.8946650028,"12":0.8933926821,"13":0.9025241733,"14":0.9011905789,"15":0.911575973,"16":0.907289505,"17":0.9152081609,"18":0.9159979224,"19":0.9191843867},"activation_64_dice_coef":{"0":0.3837500215,"1":0.4371296465,"2":0.4815632701,"3":0.5010088682,"4":0.5004403591,"5":0.5131855607,"6":0.5257317424,"7":0.5093079209,"8":0.5264552832,"9":0.5283743143,"10":0.5339607596,"11":0.5340909958,"12":0.5277050734,"13":0.536444366,"14":0.5327720642,